LOTID5	PROCESS_ID_LX562150_PROCESS_ID_MAX	ET_TIME_LX562150_TKOUT_TIME_MAX	WAFER_ID	D120_M1_4b_ult_PD_Idsat	D120_M1_4b_ult_PD_Vtsat	D120_M1_4b_ult_PG_Idsat	D120_M1_4b_ult_PG_Vtsat	D120_M1_4b_ult_PU_Idsat	D120_M1_4b_ult_PU_Vtsat	EGN_2/0.15_Vtsat	EGN_2/2_Vtlin	EGN_Tox_inv	EGP_2/0.45_Vtsat	EGP_2/2_Vtlin	EGP_Tox_inv	HVN_AS_10/2.6x1_Vtsat	HVP_S_10/2x1_Vtsat	HVTN_0.21/0.03x7_Vtsat	HVTN_1/1_Vtlin	HVTN_Cov	HVTN_Covdd	HVTP_0.3/0.03x5_Vtsat	HVTP_1/1_Vtlin	HVTP_Cov	HVTP_Covdd	Leff_N	Leff_P	SGN_Tox_inv	SGP_Tox_inv	UMVN_10/10x1_Vtlin	UMVP_10/10x1_Vtlin	date	month	date_lot
S5ZNN	UXU3	25/06/2017 05:39	13							0.527	0.547	36.033	0.475	0.548	40.628	0.901	1.05	0.481	0.426	0.212	1.058	0.38	0.528	0.285	0.972	24.456	18.951	13.341	16.118	0.907	0.877	25	6	6/25_S5ZNN
S5ZNN	UXU3	25/06/2017 06:04	15							0.523	0.552	36.648		0.551	41.042			0.484	0.425	0.213		0.396	0.525	0.286				13.309	16.11	0.903	0.882	25	6	6/25_S5ZNN
S5ZNN	UXU3	25/06/2017 07:26	18							0.524	0.556	36.634	0.48	0.552	41.052	0.911	1.055	0.492	0.426	0.213	1.06	0.403	0.532	0.282	0.974	24.436	18.946	13.368	16.135	0.911	0.881	25	6	6/25_S5ZNN
S5ZNN	UXU3	25/06/2017 08:49	19							0.525	0.548	36.322	0.468	0.542	40.422	0.901	1.036	0.485	0.418	0.21	1.056	0.397	0.522	0.285	0.966	24.395	18.449	13.302	16.115	0.909	0.874	25	6	6/25_S5ZNN
S60HW	UXU3	25/06/2017 05:21	10							0.525	0.552	35.712		0.556	40.429			0.483	0.439			0.404	0.532					13.534	16.348			25	6	6/25_S60HW
S60HW	UXU3	25/06/2017 11:09	12							0.534	0.564	36.44		0.548	41.027			0.483	0.423			0.379	0.52					13.349	16.265			25	6	6/25_S60HW
S60HW	UXU3	25/06/2017 12:35	13							0.522	0.558	36.132	0.475	0.546	40.563	0.873	1.089	0.483	0.424	0.214	1.074	0.399	0.527	0.288	0.978	24.988	19.05	13.407	16.323	0.905	0.898	25	6	6/25_S60HW
S60HW	UXU3	25/06/2017 14:03	14							0.522	0.554	35.626		0.54	39.837			0.485	0.426			0.393	0.527					13.422	16.289			25	6	6/25_S60HW
S60HW	UXU3	25/06/2017 15:35	16							0.52	0.557	35.627		0.538	39.941			0.498	0.438			0.396	0.534					13.634	16.358			25	6	6/25_S60HW
S60UP	UXU3	26/06/2017 13:02	7							0.513	0.547	36.273	0.481	0.556	40.751	0.843	1.063	0.481	0.411	0.212	1.04	0.38	0.519	0.285	0.956	23.682	18.023	13.364	16.201	0.908	0.887	26	6	6/26_S60UP
S60UP	UXU3	26/06/2017 14:25	8							0.527	0.557	36.6	0.478	0.547	40.793	0.847	1.054	0.491	0.415	0.207	1.052	0.391	0.522	0.287	0.966	24.65	18.384	13.33	16.166	0.909	0.882	26	6	6/26_S60UP
S60UP	UXU3	26/06/2017 15:49	9							0.52	0.554	36.766	0.485	0.556	41.239	0.849	1.053	0.486	0.414	0.213	1.037	0.38	0.528	0.282	0.953	23.797	18.081	13.43	16.235	0.909	0.888	26	6	6/26_S60UP
S60UP	UXU3	26/06/2017 15:55	10							0.52	0.554	36.115		0.542	40.659			0.494	0.42			0.388	0.518					13.363	16.131	0.912	0.881	26	6	6/26_S60UP
S60UP	UXU3	26/06/2017 17:19	11							0.517	0.55	36.347	0.481	0.555	40.657	0.857	1.074	0.489	0.419	0.211	1.031	0.386	0.527	0.284	0.951	23.733	18.052	13.458	16.237	0.907	0.891	26	6	6/26_S60UP
S60UP	UXU3	26/06/2017 18:42	13							0.517	0.553	36.834	0.485	0.555	41.005	0.855	1.068	0.49	0.415	0.209	1.049	0.38	0.526	0.284	0.964	24.351	18.5	13.458	16.263	0.904	0.885	26	6	6/26_S60UP
S60UP	UXU3	26/06/2017 18:49	20							0.516	0.559	36.871		0.552	41.308			0.503	0.425			0.39	0.525					13.483	16.448	0.905	0.885	26	6	6/26_S60UP
S60UP	UXU3	26/06/2017 19:15	25							0.51	0.547	36.326		0.545	40.667			0.493	0.424	0.207		0.372	0.518	0.276				13.541	16.467	0.903	0.887	26	6	6/26_S60UP
S61GG	UXU6	26/06/2017 04:59	13							0.503	0.547	36.339	0.464	0.544	40.555	0.891	1.08	0.478	0.415	0.215	1.078	0.375	0.531	0.285	0.978	25.032	19.33	13.408	16.378	0.899	0.887	26	6	6/26_S61GG
S61GG	UXU6	26/06/2017 05:25	17							0.513	0.554	35.779		0.529	40.066			0.494	0.425	0.212		0.385	0.529	0.288				13.355	16.311	0.909	0.885	26	6	6/26_S61GG
S61K8	UXU6	26/06/2017 10:05	13							0.522	0.553	36.061	0.467	0.538	40.357	0.885	1.082	0.496	0.419	0.207	1.054	0.394	0.52	0.268	0.966	24.71	20.145	13.409	16.283	0.893	0.881	26	6	6/26_S61K8
S61K8	UXU6	26/06/2017 10:30	20							0.525	0.56	36.119		0.537	40.502			0.477	0.422	0.21		0.394	0.528	0.277				13.393	16.328	0.904	0.881	26	6	6/26_S61K8
S61P6	UXU6	26/06/2017 05:37	9							0.528	0.551	36.252		0.528	40.661			0.485	0.409	0.209		0.38	0.505	0.277				13.289	16.149	0.914	0.87	26	6	6/26_S61P6
S61P6	UXU6	26/06/2017 07:01	13							0.52	0.56	36.547	0.449	0.517	41.097	0.904	1.065	0.49	0.422	0.211	1.029	0.374	0.515	0.278	0.952	23.58	18.859	13.447	16.26	0.915	0.872	26	6	6/26_S61P6
S61T5	UXU6	26/06/2017 08:13	12							0.515	0.562	35.424		0.524	40.056			0.472	0.426	0.215		0.371	0.523	0.282				13.368	16.278	0.907	0.883	26	6	6/26_S61T5
S61T5	UXU6	26/06/2017 09:36	13							0.513	0.558	35.983	0.452	0.532	40.334	0.867	1.101	0.485	0.427	0.213	1.054	0.363	0.52	0.283	0.967	24.414	19.163	13.354	16.315	0.899	0.884	26	6	6/26_S61T5
S603K	UXU3	27/06/2017 00:45	8							0.526	0.553	36.538	0.487	0.558	40.899	0.868	1.074	0.495	0.41	0.207	1.062	0.412	0.519	0.282	0.979	24.906	19.472	13.355	16.241	0.895	0.882	27	6	6/27_S603K
S603K	UXU3	27/06/2017 02:07	9							0.519	0.554	35.93	0.475	0.547	40.345	0.861	1.078	0.496	0.417	0.209	1.065	0.399	0.522	0.285	0.971	24.85	18.688	13.336	16.217	0.898	0.883	27	6	6/27_S603K
S603K	UXU3	27/06/2017 02:16	10							0.532	0.558	36.878		0.556	41.181			0.492	0.417			0.407	0.516					13.293	16.194	0.898	0.882	27	6	6/27_S603K
S603K	UXU3	27/06/2017 03:40	11							0.518	0.554	36.127	0.471	0.544	40.408	0.863	1.071	0.494	0.419	0.209	1.068	0.407	0.525	0.291	0.986	24.966	18.785	13.374	16.219	0.897	0.876	27	6	6/27_S603K
S603K	UXU3	27/06/2017 05:05	12							0.528	0.558	35.999	0.476	0.548	40.62	0.87	1.072	0.5	0.426	0.207	1.062	0.425	0.533	0.287	0.977	24.762	18.809	13.331	16.252	0.9	0.879	27	6	6/27_S603K
S603K	UXU3	27/06/2017 06:28	13							0.53	0.563	36.934	0.472	0.543	41.105	0.872	1.064	0.492	0.426	0.208	1.049	0.383	0.518	0.283	0.962	24.754	18.703	13.405	16.401	0.901	0.874	27	6	6/27_S603K
S603K	UXU3	27/06/2017 06:54	14							0.531	0.567	36.913		0.548	41.146			0.506	0.428	0.21		0.414	0.525	0.283				13.389	16.369	0.899	0.882	27	6	6/27_S603K
S603K	UXU3	27/06/2017 07:00	20							0.534	0.557	36.67		0.548	40.962			0.494	0.416			0.401	0.512					13.357	16.289	0.897	0.876	27	6	6/27_S603K
S60G6	UXU3	27/06/2017 01:02	10							0.516	0.547	36.115		0.548	40.557			0.486	0.423	0.212		0.369	0.53	0.282				13.366	16.259	0.891	0.859	27	6	6/27_S60G6
S60G6	UXU3	27/06/2017 02:29	13							0.512	0.542	35.907	0.479	0.548	40.437	0.882	1.053	0.468	0.416	0.213	1.055	0.386	0.532	0.285	0.965	24.107	18.506	13.329	16.192	0.886	0.86	27	6	6/27_S60G6
S60HZ	UXU3	27/06/2017 01:09	5							0.525	0.552	36.408		0.563	40.91			0.485	0.409	0.215		0.374	0.53	0.293				13.269	16.185	0.907	0.871	27	6	6/27_S60HZ
S60HZ	UXU3	27/06/2017 02:33	13							0.526	0.558	36.403	0.478	0.549	40.795	0.888	1.049	0.494	0.413	0.215	1.051	0.373	0.522	0.285	0.955	23.635	18.102	13.266	16.194	0.916	0.867	27	6	6/27_S60HZ
S61K6	UXU6	27/06/2017 06:24	1							0.521	0.55	36.394		0.546	40.571			0.496	0.419	0.206		0.37	0.529	0.27				13.526	16.277	0.89	0.905	27	6	6/27_S61K6
S61K6	UXU6	27/06/2017 07:48	13							0.518	0.554	36.701	0.467	0.538	40.95	0.854	1.095	0.48	0.421	0.209	1.048	0.36	0.516	0.271	0.96	24.265	19.56	13.404	16.209	0.891	0.895	27	6	6/27_S61K6
S61K6	UXU6	27/06/2017 09:10	14							0.525	0.561	36.536	0.466	0.539	40.897	0.85	1.089	0.49	0.426	0.211	1.064	0.387	0.525	0.281	0.98	24.594	19.464	13.339	16.197	0.898	0.895	27	6	6/27_S61K6
S61K6	UXU6	27/06/2017 10:33	15							0.517	0.558	36.443	0.469	0.545	40.745	0.861	1.099	0.49	0.428	0.21	1.043	0.372	0.537	0.279	0.963	24.081	18.959	13.476	16.285	0.898	0.9	27	6	6/27_S61K6
S61K6	UXU6	27/06/2017 11:55	16							0.518	0.557	36.584	0.472	0.544	41.11	0.847	1.104	0.488	0.419	0.209	1.046	0.365	0.529	0.28	0.969	24.344	19.136	13.351	16.195	0.896	0.906	27	6	6/27_S61K6
S61K6	UXU6	27/06/2017 13:18	17							0.517	0.559	36.633	0.47	0.542	40.853	0.858	1.101	0.49	0.432	0.21	1.043	0.382	0.536	0.277	0.959	24.119	19.069	13.482	16.328	0.902	0.903	27	6	6/27_S61K6
S61UX	UXU6	27/06/2017 09:09	13							0.525	0.562	35.579	0.448	0.523	39.845	0.872	1.11	0.472	0.42	0.209	1.051	0.397	0.522	0.279	0.968	24.332	18.992	13.33	16.13	0.904	0.9	27	6	6/27_S61UX
S61UX	UXU6	27/06/2017 09:36	24							0.523	0.56	35.647		0.524	39.872			0.474	0.417	0.211		0.4	0.522	0.284				13.358	16.171	0.903	0.902	27	6	6/27_S61UX
S61UY	UXU6	27/06/2017 20:45	13							0.508	0.545	35.784	0.46	0.532	40.056	0.893	1.069	0.477	0.415	0.208	1.055	0.395	0.522	0.273	0.974	24.633	20.061	13.325	16.149	0.896	0.875	27	6	6/27_S61UY
S61UY	UXU6	27/06/2017 21:11	16							0.518	0.557	36.054		0.531	40.351			0.469	0.415	0.212		0.374	0.529	0.28				13.319	16.186	0.888	0.872	27	6	6/27_S61UY
S609Y	UXU3	29/06/2017 19:16	7							0.521	0.551	36.135		0.54	40.699			0.485	0.424	0.214		0.389	0.513	0.281				13.326	16.248	0.897	0.869	29	6	6/29_S609Y
S609Y	UXU3	29/06/2017 20:46	13							0.523	0.546	36.094	0.474	0.544	40.688	0.88	1.066	0.483	0.414	0.211	1.053	0.392	0.52	0.281	0.957	24.442	18.502	13.309	16.174	0.898	0.874	29	6	6/29_S609Y
S60NX	UXU3	29/06/2017 19:14	13							0.506	0.541	35.528	0.489	0.561	39.986	0.862	1.088	0.477	0.431	0.214	1.041	0.373	0.544	0.287	0.96	23.964	18.13	13.45	16.294	0.905	0.901	29	6	6/29_S60NX
S60NX	UXU3	29/06/2017 19:40	22							0.528	0.557	36.401		0.565	40.949			0.481	0.437	0.215		0.374	0.545	0.286				13.451	16.291	0.911	0.907	29	6	6/29_S60NX
S60NY	UXU3	29/06/2017 13:30	1							0.524	0.557	36.359		0.541	40.629			0.481	0.419	0.212		0.389	0.523	0.282				13.495	16.266	0.902	0.886	29	6	6/29_S60NY
S60NY	UXU3	29/06/2017 14:55	13							0.521	0.556	36.421	0.476	0.545	40.729	0.865	1.067	0.483	0.423	0.216	1.064	0.388	0.528	0.292	0.978	24.817	18.705	13.369	16.131	0.902	0.887	29	6	6/29_S60NY
S61K5	UXU6	29/06/2017 21:51	4							0.508	0.548	35.764		0.525	40.224			0.489	0.425	0.211		0.378	0.522	0.267				13.473	16.426	0.903	0.884	29	6	6/29_S61K5
S61K5	UXU6	29/06/2017 23:15	13							0.509	0.55	36.022	0.457	0.529	40.304	0.871	1.097	0.483	0.424	0.209	1.053	0.407	0.521	0.276	0.97	24.791	19.78	13.486	16.312	0.892	0.89	29	6	6/29_S61K5
S61X5	UXU6	30/06/2017 13:08	1							0.527		35.53			39.998			0.495		0.21	1.072	0.401		0.282	0.976			13.343				30	6	6/30_S61X5
S61X5	UXU6	30/06/2017 13:32	2							0.538		35.902			40.18			0.497		0.213	1.095	0.394		0.286	1.001			13.35				30	6	6/30_S61X5
S63PN	UXU6	30/06/2017 19:27	5							0.516	0.547	35.456	0.468	0.542	40.082	0.852	1.092	0.477	0.417	0.22	1.088	0.411	0.529	0.276	0.986	25.071	20.12	13.319	16.123	0.879	0.89	30	6	6/30_S63PN
S63PN	UXU6	30/06/2017 20:49	13							0.527	0.55	35.403	0.47	0.54	40	0.852	1.098	0.466	0.416	0.217	1.099	0.413	0.522	0.279	0.997	25.299	20.159	13.22	16.01	0.885	0.893	30	6	6/30_S63PN
S63PN	UXU6	30/06/2017 21:14	14							0.526	0.548	35.362		0.545	39.861			0.504	0.425	0.209		0.427	0.54	0.276				13.381	16.145	0.885	0.894	30	6	6/30_S63PN
S6405	UXU6	30/06/2017 08:44	8							0.516	0.56	36.126	0.455	0.529	40.185	0.861	1.1	0.495	0.428	0.211	1.047	0.382	0.53	0.274	0.962	24.301	19.606	13.486	16.286	0.886	0.888	30	6	6/30_S6405
S65RN	UXU6	30/06/2017 22:29	12							0.523	0.55	35.598		0.541	40.081			0.456	0.405	0.224		0.405	0.52	0.292				13.26	16.097	0.907	0.883	30	6	6/30_S65RN
S65RN	UXU6	30/06/2017 23:52	13							0.521	0.55	35.896	0.463	0.543	40.386	0.891	1.069	0.463	0.413	0.223	1.101	0.409	0.532	0.287	0.989	25.342	19.418	13.36	16.2	0.911	0.881	30	6	6/30_S65RN
S60HX	UXU3	01/07/2017 10:10	10							0.512	0.55	36.202		0.558	40.621			0.466	0.416			0.388	0.546					13.333	16.196	0.9	0.886	1	7	7/01_S60HX
S60HX	UXU3	01/07/2017 11:31	13							0.509	0.546	36.258	0.487	0.558	40.762	0.903	1.046	0.484	0.418	0.211	1.046	0.404	0.537	0.288	0.964	24.329	18.168	13.407	16.227	0.899	0.884	1	7	7/01_S60HX
S60HX	UXU3	01/07/2017 11:57	15							0.525	0.557	36.765		0.556	41.05			0.483	0.419	0.212		0.381	0.541	0.291				13.339	16.22	0.908	0.878	1	7	7/01_S60HX
S60HX	UXU3	01/07/2017 12:04	20							0.519	0.553	36.226		0.552	40.655			0.484	0.429			0.388	0.542					13.402	16.247	0.902	0.882	1	7	7/01_S60HX
S60RX	UXU3	01/07/2017 19:51	13							0.527	0.56	36.322	0.48	0.553	40.681	0.9	1.063	0.477	0.419	0.214	1.055	0.384	0.519	0.287	0.968	24.042	18.412	13.265	16.213	0.89	0.883	1	7	7/01_S60RX
S60RX	UXU3	01/07/2017 20:16	23							0.507	0.549	35.977		0.562	40.358			0.475	0.414	0.213		0.382	0.531	0.283				13.375	16.413	0.901	0.891	1	7	7/01_S60RX
S60T2	UXU3	01/07/2017 03:48	7	40.338	0.482	37.721	0.482	9.021	0.48	0.519	0.545	36.063		0.558	40.436			0.481	0.414	0.218		0.419	0.525	0.285				13.409	16.216	0.916	0.883	1	7	7/01_S60T2
S60T2	UXU3	01/07/2017 04:10	8	38.91	0.488	36.109	0.484	9.108	0.473	0.519	0.555	36.049		0.546	40.405			0.498	0.424	0.212		0.411	0.53	0.289				13.409	16.154	0.919	0.877	1	7	7/01_S60T2
S60T2	UXU3	01/07/2017 04:35	9							0.52	0.546	35.923		0.551	40.238			0.469	0.404	0.221		0.418	0.518	0.293				13.239	16.062	0.914	0.875	1	7	7/01_S60T2
S60T2	UXU3	01/07/2017 05:57	13							0.526	0.557	36.624	0.488	0.559	40.886	0.895	1.051	0.484	0.415	0.217	1.067	0.412	0.53	0.289	0.976	24.53	18.718	13.368	16.207	0.911	0.88	1	7	7/01_S60T2
S60T2	UXU3	01/07/2017 06:20	17	39.077	0.499	38.054	0.477	9.801	0.476	0.521	0.552	36.14		0.559	40.788			0.474	0.41	0.218		0.402	0.521	0.284				13.322	16.122	0.904	0.878	1	7	7/01_S60T2
S60T2	UXU3	01/07/2017 06:42	18	38.575	0.498	35.42	0.488	9.147	0.482	0.524	0.557	36.116		0.553	40.559			0.492	0.424	0.219		0.42	0.533	0.293				13.426	16.176	0.911	0.876	1	7	7/01_S60T2
S61WZ	UXU6	01/07/2017 08:34	1							0.519	0.552	35.605	0.444	0.517	40.094	0.869	1.097	0.481	0.42	0.21	1.052	0.385	0.521	0.274	0.955	24.405	19.304	13.378	16.288	0.895	0.887	1	7	7/01_S61WZ
S63B1	UXU6	01/07/2017 04:51	3																									13.372	16.152			1	7	7/01_S63B1
S63B1	UXU6	01/07/2017 05:00	4																									13.372	16.137			1	7	7/01_S63B1
S63B1	UXU6	01/07/2017 05:11	5																									13.366	16.158			1	7	7/01_S63B1
S63B1	UXU6	01/07/2017 05:19	6																									13.43	16.197			1	7	7/01_S63B1
S63B1	UXU6	01/07/2017 05:28	7																									13.375	16.124			1	7	7/01_S63B1
S63B1	UXU6	01/07/2017 05:38	8																									13.389	16.279			1	7	7/01_S63B1
S63B1	UXU6	01/07/2017 07:00	13							0.518	0.552	36.026	0.466	0.537	40.41	0.879	1.062	0.473	0.41	0.211	1.063	0.391	0.52	0.271	0.974	24.761	20.18	13.305	16.094	0.886	0.875	1	7	7/01_S63B1
S63B1	UXU6	01/07/2017 07:25	16							0.522	0.56	36.352		0.531	40.918			0.489	0.415	0.205		0.374	0.521	0.266				13.387	16.381	0.893	0.883	1	7	7/01_S63B1
S6445	UXU6	01/07/2017 21:45	13							0.525	0.549	36.084	0.469	0.539	40.28	0.906	1.054	0.494	0.408	0.211	1.075	0.404	0.516	0.271	0.98	25.06	20.306	13.334	16.082	0.89	0.877	1	7	7/01_S6445
S6445	UXU6	01/07/2017 23:08	14							0.525	0.553	36.299	0.469	0.541	40.436	0.896	1.047	0.505	0.418	0.211	1.053	0.408	0.52	0.269	0.969	24.616	20.4	13.476	16.288	0.891	0.873	1	7	7/01_S6445
S65NG	UXU6	01/07/2017 15:35	13							0.525	0.562	35.811	0.45	0.526	40.408	0.898	1.079	0.472	0.416	0.214	1.077	0.387	0.51	0.281	0.979	24.865	19.629	13.235	16.109	0.93	0.889	1	7	7/01_S65NG
S65NG	UXU6	01/07/2017 16:00	22							0.514	0.553	35.992		0.536	40.436			0.48	0.422	0.213		0.371	0.517	0.279				13.404	16.301	0.934	0.894	1	7	7/01_S65NG
S65RP	UXU6	01/07/2017 00:18	1							0.512	0.542	35.674		0.543	40.077			0.478	0.415	0.211		0.38	0.529	0.275				13.371	16.159	0.919	0.887	1	7	7/01_S65RP
S65RP	UXU6	01/07/2017 02:00	13							0.511	0.541	35.629	0.47	0.542	40.125	0.87	1.089	0.489	0.415	0.204	1.028	0.38	0.521	0.269	0.96	24.189	19.701	13.379	16.206	0.903	0.878	1	7	7/01_S65RP
S63VY	UXU6	02/07/2017 02:01	5							0.503	0.546	35.749	0.46	0.53	40.079	0.878	1.056	0.473	0.402	0.21	1.049	0.381	0.521	0.271	0.966	24.08	19.646	13.248	16.057	0.891	0.861	2	7	7/02_S63VY
S63VY	UXU6	02/07/2017 02:27	8							0.523	0.554	36.141		0.526	40.251			0.485	0.412	0.21		0.394	0.518	0.281				13.222	16.048	0.887	0.861	2	7	7/02_S63VY
S63VY	UXU6	02/07/2017 03:49	13							0.514	0.549	35.713	0.462	0.533	39.908	0.882	1.05	0.484	0.416	0.211	1.067	0.399	0.522	0.278	0.978	24.816	19.829	13.27	16.187	0.879	0.855	2	7	7/02_S63VY
S6445	UXU6	02/07/2017 00:33	15							0.525	0.552	36.76	0.474	0.543	40.952	0.895	1.055	0.498	0.419	0.21	1.065	0.407	0.518	0.273	0.97	24.945	20.019	13.452	16.27	0.886	0.878	2	7	7/02_S6445
S6445	UXU6	02/07/2017 01:58	18							0.532	0.549	36.122	0.466	0.536	40.496	0.916	1.055	0.493	0.411	0.212	1.073	0.406	0.514	0.276	0.983	25.003	19.916	13.241	15.981	0.893	0.877	2	7	7/02_S6445
S6445	UXU6	02/07/2017 02:25	20							0.52	0.552	35.81		0.54	40.254			0.497	0.419	0.209		0.418	0.527	0.274				13.405	16.144	0.903	0.874	2	7	7/02_S6445
S5ZVW	UXU3	03/07/2017 22:57	13							0.508	0.541	36.3	0.48	0.549	40.719	0.874	1.085	0.482	0.425	0.208	1.046	0.391	0.525	0.281	0.952	24.412	18.613	13.342	16.284	0.877	0.89	3	7	7/03_S5ZVW
S5ZVW	UXU3	03/07/2017 23:22	20							0.509	0.543	36.45		0.548	40.972			0.473	0.42	0.213		0.382	0.522	0.283				13.362	16.243	0.877	0.888	3	7	7/03_S5ZVW
S60NT	UXU3	03/07/2017 21:07	5							0.518	0.549	36.22		0.553	40.792			0.493	0.43	0.207		0.408	0.526	0.28				13.399	16.24	0.897	0.876	3	7	7/03_S60NT
S60NT	UXU3	03/07/2017 23:19	13							0.514	0.552	36.401	0.481	0.552	40.752	0.864	1.08	0.505	0.43	0.207	1.049	0.407	0.531	0.285	0.963	24.729	18.528	13.418	16.277	0.896	0.878	3	7	7/03_S60NT
S63F6	UXU6	03/07/2017 17:41	11							0.506	0.546	35.66		0.529	39.941			0.493	0.428	0.21		0.405	0.527	0.284				13.471	16.311	0.906	0.864	3	7	7/03_S63F6
S63F6	UXU6	03/07/2017 19:04	13							0.508	0.546	35.567	0.447	0.521	39.794	0.877	1.052	0.496	0.426	0.206	1.046	0.388	0.525	0.276	0.957	24.566	19.306	13.482	16.455	0.906	0.865	3	7	7/03_S63F6
S63PH	UXU6	03/07/2017 20:33	3							0.517	0.555	36.154		0.536	40.543			0.492	0.423	0.209		0.38	0.513	0.269				13.4535	16.4335	0.897	0.876	3	7	7/03_S63PH
S63PH	UXU6	03/07/2017 20:42	4																									13.462	16.356			3	7	7/03_S63PH
S63PH	UXU6	03/07/2017 20:52	5																									13.443	16.397			3	7	7/03_S63PH
S63PH	UXU6	03/07/2017 21:01	6																									13.44	16.236			3	7	7/03_S63PH
S63PH	UXU6	03/07/2017 21:10	7																									13.404	16.365			3	7	7/03_S63PH
S63PH	UXU6	03/07/2017 21:19	8																									13.445	16.402			3	7	7/03_S63PH
S63PH	UXU6	03/07/2017 22:42	13							0.532	0.557	35.707	0.461	0.536	40.305	0.869	1.064	0.505	0.425	0.208	1.04	0.401	0.527	0.277	0.958	24.306	19.091	13.448	16.229	0.902	0.876	3	7	7/03_S63PH
S63W1	UXU6	03/07/2017 18:48	5							0.507	0.547	36.086	0.465	0.534	40.348	0.876	1.054	0.481	0.415	0.208	1.053	0.387	0.521	0.264	0.954	24.612	20.242	13.343	16.2	0.892	0.878	3	7	7/03_S63W1
S63W1	UXU6	03/07/2017 20:12	13							0.516	0.55	36.324	0.464	0.536	40.5	0.881	1.063	0.493	0.417	0.207	1.039	0.4	0.524	0.269	0.957	24.136	19.785	13.388	16.093	0.894	0.88	3	7	7/03_S63W1
S63W1	UXU6	03/07/2017 20:40	14							0.507	0.544	35.928		0.535	40.135			0.481	0.411	0.215		0.393	0.521	0.275				13.394	16.109	0.892	0.88	3	7	7/03_S63W1
S6408	UXU6	03/07/2017 06:29	6							0.516	0.557	35.926		0.534	40.715			0.494	0.431	0.21		0.4	0.529	0.278				13.538	16.312	0.899	0.885	3	7	7/03_S6408
S6408	UXU6	03/07/2017 06:54	8							0.522	0.563	36.509		0.529	41.004			0.494	0.433	0.21		0.402	0.525	0.278				13.509	16.292	0.9	0.89	3	7	7/03_S6408
S6408	UXU6	03/07/2017 07:20	9							0.501	0.544	35.648		0.541	40.27			0.487	0.427	0.209		0.391	0.527	0.269				13.509	16.472	0.889	0.883	3	7	7/03_S6408
S6408	UXU6	03/07/2017 08:43	13							0.5	0.546	35.854	0.461	0.532	40.419	0.865	1.082	0.474	0.428	0.213	1.063	0.402	0.527	0.274	0.968	24.733	20.138	13.471	16.412	0.892	0.884	3	7	7/03_S6408
S6408	UXU6	03/07/2017 09:08	24							0.515	0.557	36.044		0.532	40.461			0.488	0.437	0.208		0.41	0.536	0.277				13.556	16.34	0.904	0.896	3	7	7/03_S6408
S609X	UXU3	04/07/2017 01:50	9							0.518	0.545	36.229		0.563	40.79			0.493	0.418	0.211		0.418	0.535	0.289				13.38	16.27	0.89	0.897	4	7	7/04_S609X
S609X	UXU3	04/07/2017 03:14	13							0.516	0.545	36.154	0.484	0.554	40.74	0.881	1.063	0.482	0.416	0.209	1.071	0.41	0.534	0.288	0.979	25.219	18.877	13.329	16.239	0.89	0.893	4	7	7/04_S609X
S65F5	UXU5	04/07/2017 20:31	11							0.508	0.553	35.546		0.529	39.983			0.469	0.413	0.213		0.372	0.513	0.284				13.347	16.141	0.918	0.885	4	7	7/04_S65F5
S65F5	UXU5	04/07/2017 21:55	13							0.514	0.558	36.249	0.464	0.535	40.602	0.928	1.041	0.474	0.415	0.214	1.045	0.372	0.52	0.283	0.975	24.068	19.134	13.391	16.152	0.921	0.888	4	7	7/04_S65F5
S65F6	UXU5	04/07/2017 22:20	7							0.518	0.547	35.511	0.453	0.523	39.853			0.471	0.401	0.215	1.084	0.372	0.507	0.278	0.994	25.02	20.353	13.332	16.156	0.926	0.884	4	7	7/04_S65F6
S65F6	UXU5	04/07/2017 22:46	9							0.514	0.546	35.554		0.518	40.03			0.468	0.402	0.215		0.361	0.494	0.276				13.292	16.216	0.927	0.887	4	7	7/04_S65F6
S5ZVX	UXU3	05/07/2017 03:32	13							0.517	0.544	35.512	0.459	0.532	39.966	0.894	1.053	0.476	0.413	0.203	1.055	0.4	0.505	0.282	0.97	24.562	18.894	13.129	16.036	0.898	0.88	5	7	7/05_S5ZVX
S5ZVX	UXU3	05/07/2017 03:57	20							0.522	0.552	35.888		0.539	40.177			0.485	0.427	0.209		0.411	0.526	0.286				13.385	16.195	0.909	0.895	5	7	7/05_S5ZVX
S609W	UXU3	05/07/2017 11:23	12							0.519	0.551	36.422		0.538	40.756			0.491	0.427	0.208		0.374	0.518	0.274				13.383	16.247	0.888	0.868	5	7	7/05_S609W
S609W	UXU3	05/07/2017 12:46	13							0.511	0.55	36.155	0.465	0.535	40.47	0.891	1.041	0.483	0.427	0.208	1.054	0.389	0.517	0.281	0.966	24.786	19.118	13.431	16.3	0.891	0.869	5	7	7/05_S609W
S60WG	UXU3	05/07/2017 03:56	5							0.516	0.55	36.115		0.541	40.129			0.501	0.432	0.207		0.385	0.526	0.286				13.366	16.189	0.905	0.877	5	7	7/05_S60WG
S60WG	UXU3	05/07/2017 05:20	13							0.511	0.545	36.15	0.476	0.546	40.59	0.893	1.072	0.5	0.429	0.203	1.042	0.4	0.524	0.28	0.959	24.609	18.88	13.354	16.199	0.896	0.877	5	7	7/05_S60WG
S63N9	UXU6	05/07/2017 21:24	7							0.517	0.553	35.952		0.536	40.513			0.481	0.423	0.213		0.389	0.517	0.277				13.343	16.275	0.87		5	7	7/05_S63N9
S63N9	UXU6	05/07/2017 22:48	13							0.518	0.555	35.978	0.466	0.54	40.368	0.865	1.034	0.485	0.424	0.21	1.054	0.4	0.525	0.278	0.972	24.531	19.543	13.382	16.283	0.87	0.859	5	7	7/05_S63N9
S63VZ	UXU6	05/07/2017 21:00	2							0.521	0.549	35.66	0.45	0.523	40.194	0.865	1.09	0.501	0.42	0.21	1.052	0.376	0.508	0.277	0.975	24.377	19.623	13.41	16.216	0.894	0.883	5	7	7/05_S63VZ
S6448	UXU6	05/07/2017 11:28	13							0.522	0.554	35.669	0.454	0.532	40.102	0.877	1.062	0.486	0.43	0.209	1.056	0.366	0.513	0.285	0.979	24.912	19.166	13.422	16.194	0.91	0.876	5	7	7/05_S6448
S6448	UXU6	05/07/2017 11:54	18							0.522	0.556	35.903		0.538	40.596			0.492	0.427	0.209		0.386	0.518	0.287				13.432	16.278	0.903	0.879	5	7	7/05_S6448
S65F6	UXU5	05/07/2017 00:08	13							0.518	0.551	35.657	0.436	0.506	39.875	0.909	1.045	0.464	0.404	0.222	1.076	0.354	0.496	0.286	0.98	24.048	19.07	13.308	16.248	0.932	0.883	5	7	7/05_S65F6
S65F8	UXU5	05/07/2017 00:53	13							0.514	0.552	35.439	0.458	0.53	39.715	0.907	1.053	0.48	0.417	0.215	1.063	0.398	0.523	0.286	0.972	24.086	18.634	13.325	16.185	0.928	0.885	5	7	7/05_S65F8
S65F8	UXU5	05/07/2017 01:18	21							0.524	0.557	36.217		0.528	40.172			0.484	0.415	0.221		0.391	0.499	0.282				13.343	16.188	0.92	0.886	5	7	7/05_S65F8
S61GH	UXU6	06/07/2017 16:31	8							0.519	0.55	35.987	0.46	0.54	40.322	0.889	1.082	0.489	0.424	0.213	1.072	0.386	0.531	0.282	0.98	24.993	19.427	13.416	16.243	0.897	0.894	6	7	7/06_S61GH
S61GH	UXU6	06/07/2017 22:43	9							0.513	0.558	35.918		0.531	40.108			0.495	0.425	0.206		0.385	0.53	0.29				13.368	16.169	0.907	0.887	6	7	7/06_S61GH
S63VZ	UXU6	06/07/2017 05:00	10							0.535	0.563	36.2		0.535	40.571			0.498	0.426	0.208		0.398	0.52	0.276				13.398	16.214	0.912	0.881	6	7	7/06_S63VZ
S63VZ	UXU6	06/07/2017 06:23	13							0.505	0.54	35.609	0.462	0.536	40.225	0.892	1.074	0.483	0.414	0.211	1.042	0.367	0.513	0.276	0.966	24.034	19.489	13.364	16.222	0.898	0.877	6	7	7/06_S63VZ
S6446	UXU6	06/07/2017 22:48	1							0.5185	0.552	36.177		0.541	40.795			0.495	0.422	0.209		0.405	0.525	0.273				13.355	16.118	0.914	0.885	6	7	7/06_S6446
S6446	UXU6	06/07/2017 22:54	11							0.514																						6	7	7/06_S6446
S5ZVU	UXU3	07/07/2017 17:52	5							0.51	0.543	36.089		0.548	40.622			0.487	0.423	0.206		0.392	0.522	0.277				13.406	16.239	0.905	0.872	7	7	7/07_S5ZVU
S5ZVU	UXU3	07/07/2017 19:04	10							0.516	0.556	36.457	0.475	0.544	41.01	0.866	1.053	0.485	0.43	0.213	1.07	0.396	0.527	0.284	0.965	25.033	18.824	13.414	16.279	0.909	0.87	7	7	7/07_S5ZVU
S5ZVU	UXU3	07/07/2017 19:16	13							0.51	0.545	36.449	0.48	0.548	41.059	0.878	1.059	0.484	0.418	0.21	1.054	0.383	0.523	0.274	0.961	24.66	19.414	13.389	16.259	0.906	0.87	7	7	7/07_S5ZVU
S61GH	UXU6	07/07/2017 00:08	13							0.522	0.555	36.156	0.463	0.538	40.59	0.886	1.087	0.496	0.433	0.21	1.067	0.402	0.528	0.277	0.968	25.142	19.582	13.442	16.281	0.898	0.887	7	7	7/07_S61GH
S63AZ	UXU6	07/07/2017 09:22	12							0.505	0.553	35.986		0.539	40.383			0.482	0.411	0.211		0.392	0.528	0.277				13.405	16.104	0.899	0.872	7	7	7/07_S63AZ
S63AZ	UXU6	07/07/2017 10:46	13							0.504	0.542	35.808	0.464	0.537	40.173	0.875	1.068	0.467	0.401	0.216	1.049	0.38	0.519	0.275	0.967	23.888	19.311	13.395	16.101	0.89	0.872	7	7	7/07_S63AZ
S6446	UXU6	07/07/2017 00:19	13							0.513	0.548	36.348	0.464	0.537	40.465	0.866	1.07	0.495	0.423	0.208	1.079	0.405	0.52	0.27	0.985	25.407	20.686	13.356	16.19	0.907	0.875	7	7	7/07_S6446
S6446	UXU6	07/07/2017 00:25	19							0.518																						7	7	7/07_S6446
S6446	UXU6	07/07/2017 00:31	24							0.523																						7	7	7/07_S6446
S64RY	UXU6	07/07/2017 08:56	13							0.517	0.556	35.507	0.458	0.531	39.714	0.866	1.102	0.492	0.423	0.212	1.059	0.368	0.519	0.273	0.956	24.486	19.403	13.38	16.225	0.893	0.882	7	7	7/07_S64RY
S64RY	UXU6	07/07/2017 09:22	19							0.516	0.559	35.762		0.531	39.981			0.496	0.423	0.213		0.372	0.514	0.281				13.372	16.112	0.896	0.884	7	7	7/07_S64RY
S6634	UXU5	07/07/2017 13:27	1							0.52																						7	7	7/07_S6634
S6634	UXU5	07/07/2017 13:33	11							0.516																						7	7	7/07_S6634
S6634	UXU5	07/07/2017 13:39	12							0.528																						7	7	7/07_S6634
S6634	UXU5	07/07/2017 15:04	13							0.514	0.56	36.053	0.45	0.524	40.08	0.894	1.081	0.478	0.418	0.222	1.077	0.375	0.51	0.29	0.978	24.245	18.592	13.3	16.217	0.934	0.894	7	7	7/07_S6634
S6634	UXU5	07/07/2017 15:29	20							0.52	0.557	35.846		0.532	39.862			0.486	0.419	0.215		0.386	0.524	0.292				13.343	16.24	0.943	0.9	7	7	7/07_S6634
S6634	UXU5	07/07/2017 15:35	25							0.514																						7	7	7/07_S6634
S6106	UXU3	08/07/2017 05:48	13							0.511	0.546	36.06	0.49	0.558	40.451	0.902	1.068	0.481	0.422	0.21	1.056	0.4	0.533	0.28	0.961	24.705	18.896	13.413	16.31	0.907	0.878	8	7	7/08_S6106
S6106	UXU3	08/07/2017 07:10	14							0.512	0.545	35.89	0.484	0.554	40.602	0.888	1.06	0.476	0.411	0.209	1.055	0.379	0.52	0.285	0.974	24.28	18.652	13.281	16.071	0.908	0.871	8	7	7/08_S6106
S648G	UXU6	08/07/2017 01:26	13							0.517	0.548	35.909	0.465	0.532	40.391	0.862	1.05	0.472	0.411	0.214	1.054	0.392	0.528	0.27	0.959	24.221	19.606	13.379	16.139	0.892	0.862	8	7	7/08_S648G
S648G	UXU6	08/07/2017 01:53	14							0.512	0.55	35.807		0.53	40.282			0.491	0.42	0.219		0.391	0.52	0.279				13.438	16.169	0.895	0.861	8	7	7/08_S648G
S65FB	UXU6	08/07/2017 20:36	11							0.523	0.562	35.878		0.539	40.529			0.481	0.422	0.212		0.389	0.525	0.287				13.43	16.274	0.9	0.878	8	7	7/08_S65FB
S65FB	UXU6	08/07/2017 22:00	13							0.528	0.564	35.979	0.466	0.547	40.65	0.927	1.067	0.48	0.425	0.213	1.051	0.371	0.533	0.286	0.968	24.218	18.38	13.406	16.246	0.895	0.884	8	7	7/08_S65FB
S6665	UXU5	09/07/2017 08:10	9							0.516	0.542	35.534		0.54	39.932			0.486	0.416	0.209		0.384	0.519	0.279				13.321	16.211	0.929	0.887	9	7	7/09_S6665
S6665	UXU5	09/07/2017 09:34	13							0.511	0.543	35.331	0.457	0.534	39.739	0.928	1.06	0.491	0.411	0.208	1.045	0.389	0.507	0.282	0.97	24.3	19.259	13.334	16.262	0.926	0.883	9	7	7/09_S6665
S601V	UXU3	10/07/2017 17:37	13							0.513	0.546	35.868	0.474	0.544	40.525	0.897	1.065	0.498	0.422	0.208	1.066	0.398	0.519	0.288	0.969	25.148	18.629	13.392	16.344	0.885	0.877	10	7	7/10_S601V
S601V	UXU3	10/07/2017 18:02	16							0.524	0.551	35.893		0.551	40.625			0.506	0.429	0.207		0.419	0.534	0.287				13.397	16.228	0.887	0.881	10	7	7/10_S601V
S61T8	UXU3	10/07/2017 06:54	1							0.518	0.556	36.35		0.549	40.829			0.472	0.425	0.215		0.4	0.523	0.285				13.449	16.17	0.898	0.9	10	7	7/10_S61T8
S61T8	UXU3	10/07/2017 08:17	13							0.522	0.555	36.153	0.471	0.549	40.544	0.889	1.072	0.483	0.416	0.208	1.052	0.383	0.525	0.287	0.974	24.583	18.735	13.325	16.098	0.883	0.892	10	7	7/10_S61T8
S65XG	UXU5	10/07/2017 11:08	13							0.522	0.548	36.218	0.457	0.525	40.516	0.877	1.091	0.493	0.409	0.209	1.069	0.396	0.498	0.277	0.98	25.187	20.119	13.347	16.157	0.917	0.884	10	7	7/10_S65XG
S65XG	UXU5	10/07/2017 11:33	16							0.508	0.543	35.985		0.523	40.198			0.493	0.406	0.208		0.391	0.499	0.277				13.315	16.161	0.921	0.883	10	7	7/10_S65XG
S60K1	UXU3	11/07/2017 12:35	14							0.515	0.55	36.232	0.479	0.553	40.571	0.901	1.055	0.478	0.417	0.208	1.052	0.393	0.523	0.283	0.96	24.447	18.427	13.321	16.192	0.903	0.866	11	7	7/11_S60K1
S60K1	UXU3	11/07/2017 12:57	18	37.656	0.499	35.566	0.489	9.912	0.462	0.522	0.557	36.094		0.546	40.505			0.483	0.428	0.219		0.388	0.521	0.285				13.384	16.167	0.907	0.873	11	7	7/11_S60K1
S60K1	UXU3	11/07/2017 13:23	22							0.522	0.553	36.029		0.546	40.305			0.475	0.419	0.218		0.394	0.522	0.285				13.306	16.166	0.911	0.873	11	7	7/11_S60K1
S624T	UXU3	11/07/2017 04:17	13							0.521	0.551	35.985	0.481	0.549	40.477	0.892	1.07	0.48	0.419	0.213	1.078	0.423	0.534	0.288	0.981	25.095	18.914	13.345	16.093	0.886	0.897	11	7	7/11_S624T
S624T	UXU3	11/07/2017 05:44	25							0.513	0.548	35.762		0.537	40.316			0.51	0.434	0.208		0.418	0.534	0.287				13.544	16.391	0.9	0.9	11	7	7/11_S624T
S68A6	UXU5	11/07/2017 09:32	1							0.516	0.548	35.929		0.524	40.293			0.482	0.401	0.208	1.066	0.372	0.508	0.289	0.992			13.315	16.217	0.92	0.873	11	7	7/11_S68A6
S68A6	UXU5	11/07/2017 09:40	2							0.505	0.543	35.894		0.529	40.289			0.49	0.405	0.21	1.08	0.371	0.502	0.283	0.997			13.322	16.215	0.915	0.873	11	7	7/11_S68A6
S68A6	UXU5	11/07/2017 09:49	3							0.525	0.557	35.933		0.524	40.187			0.485	0.419	0.207	1.072	0.38	0.512	0.287	0.989			13.346	16.18	0.925	0.869	11	7	7/11_S68A6
S68A6	UXU5	11/07/2017 09:56	4							0.522	0.547	36.3		0.534	40.616			0.495	0.422	0.209	1.089	0.387	0.502	0.284	1.001			13.397	16.241	0.921	0.875	11	7	7/11_S68A6
S68A6	UXU5	11/07/2017 10:04	5							0.516	0.552	36.355		0.524	40.33			0.473	0.405	0.217	1.103	0.39	0.509	0.29	1			13.274	16.141	0.922	0.87	11	7	7/11_S68A6
S68A6	UXU5	11/07/2017 11:27	13							0.506	0.545	35.896	0.456	0.532	40.026	0.899	1.052	0.491	0.412	0.213	1.093	0.374	0.503	0.287	1.002	25.774	20.039	13.323	16.238	0.913	0.869	11	7	7/11_S68A6
S68A6	UXU5	11/07/2017 11:53	17							0.508	0.544	35.444		0.515	39.65			0.457	0.405	0.223		0.375	0.5	0.294				13.239	16.124	0.915	0.86	11	7	7/11_S68A6
S609U	UXU3	12/07/2017 14:06	1							0.521	0.546	36.076		0.534	40.503			0.475	0.414	0.206		0.402	0.516	0.275				13.208	16.181	0.893	0.875	12	7	7/12_S609U
S609U	UXU3	12/07/2017 15:30	13							0.52	0.548	36.075	0.469	0.537	40.806	0.87	1.04	0.481	0.418	0.207	1.071	0.4	0.516	0.276	0.971	25.369	19.815	13.293	16.266	0.893	0.878	12	7	7/12_S609U
S6105	UXU3	12/07/2017 21:47	13							0.513	0.546	35.714	0.475	0.546	40.033	0.884	1.044	0.499	0.418	0.21	1.074	0.409	0.525	0.285	0.99	25.43	19.621	13.345	16.109	0.899	0.873	12	7	7/12_S6105
S6105	UXU3	12/07/2017 22:12	14							0.515	0.549	35.417		0.543	39.92			0.505	0.426	0.205		0.407	0.53	0.283				13.374	16.169	0.9	0.867	12	7	7/12_S6105
S6146	UXU3	12/07/2017 11:16	13							0.513	0.544	36.39	0.492	0.563	40.932	0.876	1.086	0.498	0.419	0.202	1.04	0.397	0.537	0.283	0.959	24.395	18.237	13.354	16.124	0.896	0.889	12	7	7/12_S6146
S6146	UXU3	12/07/2017 11:41	23							0.503	0.544	36.148		0.553	40.449			0.482	0.42	0.211		0.399	0.528	0.28				13.417	16.31	0.901	0.89	12	7	7/12_S6146
S64X5	UXU6	12/07/2017 07:56	3							0.515	0.549	35.556		0.518	40.098			0.476	0.411	0.213		0.395	0.503	0.265				13.32	16.147	0.911	0.883	12	7	7/12_S64X5
S64X5	UXU6	12/07/2017 10:22	6							0.517	0.559	35.734		0.515	39.984			0.474	0.421	0.216		0.391	0.51	0.275				13.334	16.177	0.914	0.883	12	7	7/12_S64X5
S64X5	UXU6	12/07/2017 10:48	8							0.506	0.549	35.887		0.525	40.425			0.479	0.416	0.211		0.385	0.51	0.264				13.43	16.229	0.903	0.891	12	7	7/12_S64X5
S64X5	UXU6	12/07/2017 11:13	9							0.519	0.556	35.408		0.517	39.985			0.481	0.421	0.215		0.394	0.513	0.269				13.324	16.253	0.917	0.882	12	7	7/12_S64X5
S64X5	UXU6	12/07/2017 09:20	13							0.528	0.568	36.061	0.454	0.52	40.293	0.918	1.065	0.486	0.417	0.212	1.053	0.383	0.516	0.27	0.963	24.346	19.936	13.385	16.214	0.912	0.878	12	7	7/12_S64X5
S66BU	UXU5	12/07/2017 20:46	10							0.513	0.547	35.91		0.531	39.999			0.497	0.413	0.205		0.391	0.508	0.275				13.421	16.297	0.914	0.893	12	7	7/12_S66BU
S66BU	UXU5	12/07/2017 22:12	13							0.521	0.554	36.142	0.459	0.531	40.112	0.922	1.064	0.483	0.404	0.215	1.094	0.395	0.502	0.286	0.998	25.513	19.727	13.312	16.04	0.922	0.898	12	7	7/12_S66BU
S60W9	UXU3	13/07/2017 00:44	3							0.531		36.079			40.603			0.51		0.208	1.04	0.424		0.291	0.963			13.388	16.216			13	7	7/13_S60W9
S60W9	UXU3	13/07/2017 00:49	4							0.531		36.062			40.261			0.516		0.203	1.026	0.405		0.288	0.962			13.448	16.19			13	7	7/13_S60W9
S60W9	UXU3	13/07/2017 00:55	9							0.535		36.042			40.305			0.506		0.205	1.032	0.414		0.295	0.968			13.358	16.154			13	7	7/13_S60W9
S60W9	UXU3	13/07/2017 01:00	10							0.536		36.408			40.585			0.505		0.206	1.037	0.399		0.293	0.97			13.364	16.159			13	7	7/13_S60W9
S60W9	UXU3	13/07/2017 01:05	11							0.527		35.85			40.354			0.505		0.207	1.041	0.42		0.292	0.964			13.402	16.374			13	7	7/13_S60W9
S60W9	UXU3	13/07/2017 01:11	12							0.53		36.034			40.365			0.491		0.211	1.065	0.418		0.295	0.986			13.363	16.168			13	7	7/13_S60W9
S60W9	UXU3	13/07/2017 02:33	13							0.53	0.562	36.052	0.469	0.541	40.458	0.92	1.042	0.503	0.431	0.202	1.026	0.385	0.525	0.286	0.959	24.041	18.219	13.394	16.172	0.916	0.877	13	7	7/13_S60W9
S60W9	UXU3	13/07/2017 03:02	18							0.5365	0.561	35.869		0.536	40.3625			0.5	0.427	0.205	1.042	0.402	0.523	0.289	0.964			13.4055	16.1885	0.926	0.877	13	7	7/13_S60W9
S60W9	UXU3	13/07/2017 03:07	19							0.531		36.12			40.296			0.499		0.209	1.055	0.415		0.295	0.979			13.365	16.176			13	7	7/13_S60W9
S60W9	UXU3	13/07/2017 03:12	20							0.531		36.173			40.462			0.506		0.206	1.052	0.41		0.295	0.978			13.4	16.325			13	7	7/13_S60W9
S60W9	UXU3	13/07/2017 03:18	21							0.538		36.484			41.049			0.499		0.21	1.06	0.406		0.297	0.978			13.391	16.158			13	7	7/13_S60W9
S60YH	UXU3	13/07/2017 08:13	6							0.501	0.544	35.819	0.476	0.55	40.561	0.888	1.048	0.475	0.417	0.22	1.117	0.407	0.522	0.291	1.005	26.191	19.702	13.341	16.216	0.892	0.887	13	7	7/13_S60YH
S60YH	UXU3	13/07/2017 09:35	7							0.508	0.543	35.928	0.482	0.552	40.281	0.907	1.049	0.483	0.42	0.216	1.104	0.415	0.527	0.286	0.996	26.027	19.895	13.397	16.267	0.896	0.887	13	7	7/13_S60YH
S60YH	UXU3	13/07/2017 10:58	13							0.508	0.546	36.121	0.479	0.551	40.707	0.884	1.065	0.492	0.42	0.214	1.067	0.397	0.526	0.282	0.97	24.605	18.947	13.345	16.206	0.892	0.887	13	7	7/13_S60YH
S60YH	UXU3	13/07/2017 11:23	18							0.504	0.545	36.181		0.556	40.319			0.479	0.416	0.216		0.412	0.525	0.289				13.348	16.161	0.891	0.884	13	7	7/13_S60YH
S61DP	UXU3	13/07/2017 02:22	13							0.516	0.548	36.368	0.479	0.55	41.003	0.885	1.052	0.485	0.417	0.212	1.047	0.416	0.53	0.283	0.951	24.404	18.11	13.485	16.296	0.919	0.88	13	7	7/13_S61DP
S61DP	UXU3	13/07/2017 02:48	14							0.513	0.55	36.377		0.55	40.651			0.48	0.406	0.211		0.414	0.523	0.285				13.372	16.199	0.916	0.885	13	7	7/13_S61DP
S667P	UXU5	13/07/2017 00:46	13							0.531	0.56	36.252	0.445	0.518	40.351	0.903	1.064	0.483	0.418	0.222	1.082	0.362	0.506	0.29	0.981	24.433	18.89	13.367	16.266	0.928	0.885	13	7	7/13_S667P
S667P	UXU5	13/07/2017 01:11	17							0.523	0.554	35.536		0.515	39.853			0.483	0.417	0.219		0.379	0.505	0.285				13.408	16.311	0.928	0.885	13	7	7/13_S667P
S60HV	UXU3	14/07/2017 07:09	13							0.525	0.553	36.234	0.48	0.551	40.603	0.923	1.069	0.512	0.421	0.203	1.061	0.416	0.523	0.29	0.981	25.347	18.678	13.33	16.135	0.905	0.879	14	7	7/14_S60HV
S60HV	UXU3	14/07/2017 07:34	21							0.52	0.548	35.808		0.554	40.407			0.5	0.418	0.201		0.403	0.53	0.283				13.405	16.186	0.898	0.878	14	7	7/14_S60HV
S65YV	UXU5	15/07/2017 21:33	13							0.52	0.553	35.577	0.451	0.529	39.99	0.906	1.068	0.493	0.425	0.207	1.052	0.369	0.509	0.281	0.965	24.904	18.968	13.43	16.334	0.925	0.887	15	7	7/15_S65YV
S65YV	UXU5	15/07/2017 22:00	19							0.522	0.558	36.234		0.521	40.493			0.491	0.424	0.208		0.374	0.512	0.284				13.469	16.38	0.939	0.885	15	7	7/15_S65YV
S67A8	UXU5	15/07/2017 18:35	13							0.512	0.551	36.063	0.461	0.534	40.314	0.892	1.059	0.479	0.415	0.222	1.098	0.392	0.514	0.29	0.997	25.56	19.832	13.438	16.234	0.895	0.871	15	7	7/15_S67A8
S67A8	UXU5	15/07/2017 19:01	23							0.52	0.554	36.024		0.532	40.315			0.484	0.428	0.216		0.399	0.523	0.279				13.504	16.285	0.896	0.871	15	7	7/15_S67A8
S683P	UXU5	15/07/2017 00:57	1							0.528	0.556	35.989		0.533	40.447			0.505	0.412	0.204	1.045	0.4	0.506	0.277	0.973			13.424	16.205	0.934	0.894	15	7	7/15_S683P
S683P	UXU5	15/07/2017 01:05	2							0.528	0.559	36.318		0.534	40.382			0.51	0.417	0.207	1.042	0.39	0.499	0.274	0.963			13.467	16.36	0.934	0.891	15	7	7/15_S683P
S683P	UXU5	15/07/2017 01:14	3							0.528	0.554	36.012		0.536	40.179			0.507	0.414	0.205	1.041	0.389	0.508	0.272	0.961			13.443	16.247	0.931	0.891	15	7	7/15_S683P
S683P	UXU5	15/07/2017 01:22	4							0.53	0.555	35.952		0.539	40.387			0.506	0.41	0.204	1.05	0.391	0.51	0.272	0.977			13.437	16.258	0.931	0.893	15	7	7/15_S683P
S683P	UXU5	15/07/2017 01:30	5							0.523	0.556	35.829		0.539	40.141			0.51	0.414	0.207	1.049	0.39	0.511	0.274	0.967			13.432	16.179	0.931	0.883	15	7	7/15_S683P
S683P	UXU5	15/07/2017 02:55	13							0.517	0.553	35.888	0.462	0.536	40.353	0.892	1.091	0.5	0.416	0.207	1.056	0.392	0.507	0.276	0.971	25.059	19.747	13.379	16.273	0.922	0.887	15	7	7/15_S683P
S683P	UXU5	15/07/2017 03:20	21							0.533	0.554	36.153		0.538	40.322			0.516	0.419	0.203		0.407	0.514	0.273				13.503	16.254	0.919	0.885	15	7	7/15_S683P
S615Z	UXU3	16/07/2017 18:31	13							0.52	0.55	35.983	0.462	0.533	40.382	0.899	1.041	0.459	0.41	0.212	1.076	0.417	0.511	0.287	0.987	24.545	18.859	13.162	15.972	0.908	0.869	16	7	7/16_S615Z
S615Z	UXU3	16/07/2017 18:56	20							0.515	0.547	35.823		0.534	40.305			0.469	0.41	0.209		0.404	0.51	0.289				13.198	16.031	0.908	0.867	16	7	7/16_S615Z
S6406	UXU6	16/07/2017 21:21	13							0.513	0.551	35.824	0.461	0.536	40.082	0.911	1.065	0.5	0.414	0.209	1.052	0.388	0.522	0.275	0.96	24.65	19.361	13.493	16.356	0.913	0.868	16	7	7/16_S6406
S6406	UXU6	16/07/2017 21:46	17							0.523	0.551	36.268		0.531	40.706			0.484	0.404	0.215		0.37	0.508	0.27				13.466	16.318	0.907	0.87	16	7	7/16_S6406
S64VX	UXU6	16/07/2017 23:32	1							0.532	0.56	35.256		0.522	39.519			0.479	0.412	0.217		0.417	0.531	0.278				13.447	16.298	0.909	0.877	16	7	7/16_S64VX
S61X1	UXU6	17/07/2017 15:29	5							0.516		36.085			40.528			0.489		0.215	1.062	0.39		0.287	0.966			13.359				17	7	7/17_S61X1
S61X1	UXU6	17/07/2017 15:54	6							0.513		36.28			40.48			0.493		0.209	1.036	0.387		0.284	0.955			13.41				17	7	7/17_S61X1
S61X1	UXU6	17/07/2017 17:18	13							0.511	0.558	36.118	0.458	0.529	40.504	0.888	1.08	0.49	0.421	0.213	1.051	0.38	0.525	0.284	0.96	24.305	18.411	13.339	16.224	0.907	0.89	17	7	7/17_S61X1
S61X1	UXU6	17/07/2017 17:41	19							0.515		36.071			40.315			0.498		0.202	1.035	0.394		0.285	0.968			13.355				17	7	7/17_S61X1
S61X1	UXU6	17/07/2017 18:06	21							0.516	0.564	36.653		0.532	40.822			0.492	0.42	0.206		0.38	0.53	0.286				13.405	16.249	0.899	0.89	17	7	7/17_S61X1
S64RZ	UXU6	17/07/2017 03:44	13							0.52	0.557	35.815	0.462	0.539	40.054	0.847	1.097	0.519	0.422	0.202	1.04	0.416	0.529	0.274	0.968	24.819	19.593	13.379	16.101	0.887	0.882	17	7	7/17_S64RZ
S64RZ	UXU6	17/07/2017 04:09	16							0.53	0.555	35.939		0.538	40.396			0.515	0.423	0.204		0.422	0.516	0.273				13.4	16.134	0.886	0.881	17	7	7/17_S64RZ
S64VX	UXU6	17/07/2017 00:55	13							0.52	0.549	35.202	0.461	0.532	39.656	0.883	1.082	0.478	0.407	0.212	1.058	0.41	0.526	0.275	0.97	24.634	19.807	13.44	16.263	0.897	0.882	17	7	7/17_S64VX
S64VY	UXU6	17/07/2017 16:24	4							0.519	0.551	36.069		0.532	40.612			0.499	0.428	0.206		0.383	0.519	0.271				13.496	16.446	0.911	0.884	17	7	7/17_S64VY
S64VY	UXU6	17/07/2017 17:46	13							0.529	0.558	36	0.453	0.528	40.34	0.88	1.088	0.492	0.428	0.209	1.064	0.413	0.525	0.283	0.98	24.939	19.629	13.407	16.256	0.909	0.88	17	7	7/17_S64VY
S6518	UXU6	17/07/2017 16:57	8							0.517	0.554	35.739		0.548	40.229			0.492	0.425	0.216		0.398	0.522	0.285				13.377	16.105	0.897	0.885	17	7	7/17_S6518
S6518	UXU6	17/07/2017 17:22	9							0.515		35.215			39.765			0.491		0.216	1.099	0.391		0.287	1.004			13.326				17	7	7/17_S6518
S6518	UXU6	17/07/2017 18:46	13							0.511	0.553	35.612	0.471	0.55	40.142	0.892	1.072	0.49	0.427	0.217	1.101	0.393	0.521	0.287	1.006	25.805	20.052	13.365	16.111	0.895	0.883	17	7	7/17_S6518
S6518	UXU6	17/07/2017 19:11	15							0.518		35.62			40.106			0.489		0.214	1.078	0.37		0.286	1			13.385				17	7	7/17_S6518
S6518	UXU6	17/07/2017 19:35	20							0.517		35.618			40.283			0.494		0.215	1.078	0.395		0.283	0.992			13.359				17	7	7/17_S6518
S6519	UXU6	17/07/2017 21:50	1							0.519		35.696			39.986			0.493		0.211	1.054	0.393		0.281	0.969			13.39				17	7	7/17_S6519
S6519	UXU6	17/07/2017 22:14	3							0.523		36.418			40.757			0.495		0.211	1.06	0.408		0.283	0.971			13.462				17	7	7/17_S6519
S6519	UXU6	17/07/2017 22:39	5							0.529		36.355			40.887			0.491		0.213	1.062	0.408		0.282	0.972			13.432				17	7	7/17_S6519
S651B	UXU6	17/07/2017 03:52	8															0.478		0.211	1.092	0.393		0.285	0.998							17	7	7/17_S651B
S651B	UXU6	17/07/2017 05:14	13							0.512	0.555	35.637	0.468	0.549	40.123	0.877	1.094	0.473	0.415	0.213	1.049	0.383	0.53	0.28	0.967	24.218	19.14	13.352	16.199	0.886	0.886	17	7	7/17_S651B
S651B	UXU6	17/07/2017 05:40	19							0.52	0.561	36.103		0.542	40.631			0.483	0.419	0.212		0.369	0.525	0.277				13.386	16.206	0.894	0.891	17	7	7/17_S651B
S657U	UXU6	17/07/2017 12:40	1							0.528	0.565	36.206		0.537	40.673			0.491	0.424	0.211		0.4	0.524	0.291				13.367	16.107	0.891	0.886	17	7	7/17_S657U
S657U	UXU6	17/07/2017 14:04	13							0.523	0.56	36.029	0.458	0.54	40.598	0.887	1.083	0.489	0.42	0.216	1.064	0.387	0.527	0.284	0.969	24.65	18.89	13.349	16.244	0.888	0.879	17	7	7/17_S657U
S657X	UXU6	17/07/2017 14:29	5							0.529	0.558	35.961		0.533	40.177			0.507	0.427	0.209		0.408	0.522	0.279				13.37	16.228	0.902	0.894	17	7	7/17_S657X
S657X	UXU6	17/07/2017 15:51	13							0.511	0.548	35.377	0.465	0.541	39.882	0.907	1.072	0.498	0.426	0.207	1.06	0.393	0.528	0.281	0.983	25.081	19.673	13.45	16.246	0.903	0.904	17	7	7/17_S657X
S65HU	UXU6	17/07/2017 10:33	2							0.504	0.55	35.804		0.546	40.334			0.479	0.411	0.213		0.391	0.525	0.278				13.431	16.123	0.909	0.891	17	7	7/17_S65HU
S65HU	UXU6	17/07/2017 11:56	13							0.512	0.555	36.139	0.473	0.551	40.504	0.871	1.085	0.47	0.415	0.216	1.069	0.396	0.531	0.286	0.979	24.696	19.058	13.342	16.095	0.901	0.888	17	7	7/17_S65HU
S65HV	UXU6	17/07/2017 17:41	8							0.525	0.557	35.823		0.535	40.393			0.492	0.417	0.212		0.393	0.513	0.28				13.418	16.212	0.894	0.879	17	7	7/17_S65HV
S65HV	UXU6	17/07/2017 19:04	13							0.516	0.554	35.769	0.456	0.534	40.292	0.895	1.058	0.492	0.414	0.212	1.078	0.398	0.515	0.279	0.982	25.443	20.081	13.467	16.253	0.89	0.877	17	7	7/17_S65HV
S65YU	UXU5	17/07/2017 21:52	2							0.525	0.562	36.673		0.521	41.015			0.497	0.405	0.208		0.391	0.495	0.276				13.389	16.135	0.919	0.874	17	7	7/17_S65YU
S65YU	UXU5	17/07/2017 23:16	13							0.525	0.556	35.913	0.447	0.52	40.167	0.901	1.065	0.487	0.411	0.212	1.068	0.397	0.504	0.282	0.983	24.721	19.345	13.317	16.004	0.92	0.873	17	7	7/17_S65YU
S65YU	UXU5	17/07/2017 23:21	14							0.51	0.553	36.001	0.454	0.523	40.252	0.891	1.053	0.482	0.414	0.218	1.071	0.386	0.504	0.279	0.973	24.271	19.132	13.338	16.156	0.92	0.872	17	7	7/17_S65YU
S6666	UXU5	17/07/2017 04:49	3							0.521	0.556	36.473		0.534	40.834			0.484	0.411	0.217		0.39	0.513	0.279				13.378	16.218	0.904	0.882	17	7	7/17_S6666
S6666	UXU5	17/07/2017 06:15	13							0.512	0.549	35.619	0.445	0.518	39.667	0.886	1.067	0.49	0.411	0.214	1.066	0.39	0.494	0.278	0.973	24.89	19.548	13.372	16.165	0.909	0.87	17	7	7/17_S6666
S6668	UXU6	17/07/2017 18:35	6							0.506	0.547	35.553	0.461	0.533	39.876					0.209	1.052			0.279	0.967	24.454	19.154	13.4	16.179			17	7	7/17_S6668
S6668	UXU6	17/07/2017 18:42	11							0.504	0.548	35.587	0.454	0.527	40.105					0.218	1.081			0.288	0.975	25.027	18.812	13.379	16.271			17	7	7/17_S6668
S6668	UXU6	17/07/2017 18:49	12							0.52	0.562	36.196	0.455	0.534	40.758					0.212	1.044			0.287	0.955	23.967	17.885	13.375	16.23			17	7	7/17_S6668
S6668	UXU6	17/07/2017 16:53	13							0.517	0.557	35.895	0.454	0.531	40.109	0.861	1.075	0.47	0.416	0.215	1.052	0.381	0.53	0.285	0.964	23.947	18.498	13.342	16.248	0.896	0.869	17	7	7/17_S6668
S6668	UXU6	17/07/2017 18:56	17							0.515	0.554	35.656	0.458	0.528	40.001					0.213	1.059			0.284	0.962	24.716	18.61	13.417	16.231			17	7	7/17_S6668
S6668	UXU6	17/07/2017 17:19	24							0.523	0.558	36.062		0.534	40.222			0.484	0.425	0.211		0.392	0.522	0.277				13.454	16.276	0.896	0.877	17	7	7/17_S6668
S66H8	UXU5	17/07/2017 06:13	8							0.52	0.557	35.589		0.517	39.842			0.48	0.423	0.211		0.376	0.498	0.289				13.305	16.125	0.91	0.879	17	7	7/17_S66H8
S66H8	UXU5	17/07/2017 07:37	13							0.514	0.551	35.558	0.453	0.528	39.836	0.892	1.048	0.478	0.413	0.208	1.055	0.384	0.499	0.281	0.974	24.821	19.265	13.319	16.228	0.905	0.877	17	7	7/17_S66H8
S66RP	UXU5	17/07/2017 03:48	3							0.53	0.556	36.051		0.528	40.54			0.485	0.419	0.214		0.397	0.498	0.28				13.416	16.278	0.896	0.873	17	7	7/17_S66RP
S66RP	UXU5	17/07/2017 05:12	13							0.513	0.549	35.796	0.463	0.536	40.209	0.875	1.07	0.48	0.412	0.215	1.065	0.377	0.512	0.284	0.987	24.929	19.797	13.407	16.246	0.891	0.881	17	7	7/17_S66RP
S66ZV	UXU5	17/07/2017 09:37	11							0.512	0.547	36.068		0.521	40.172			0.489	0.42	0.209		0.383	0.499	0.285				13.424	16.287	0.931	0.9	17	7	7/17_S66ZV
S66ZV	UXU5	17/07/2017 11:04	13							0.515	0.551	35.821	0.452	0.525	40.183	0.876	1.081	0.487	0.421	0.216	1.069	0.392	0.514	0.289	0.981	24.656	19.13	13.433	16.268	0.929	0.896	17	7	7/17_S66ZV
S6519	UXU6	18/07/2017 00:02	13							0.507	0.56	35.822	0.463	0.537	40.313	0.884	1.074	0.482	0.428	0.214	1.062	0.376	0.522	0.284	0.968	24.613	18.927	13.412	16.16	0.904	0.876	18	7	7/18_S6519
S6519	UXU6	18/07/2017 00:27	14							0.509	0.552	35.574		0.549	40.165			0.48	0.417	0.215		0.399	0.523	0.283				13.322	16.073	0.894	0.879	18	7	7/18_S6519
S657W	UXU6	18/07/2017 18:18	1							0.528	0.555	36.041		0.528	40.767			0.478	0.42	0.212		0.388	0.506	0.28				13.48	16.285	0.896	0.871	18	7	7/18_S657W
S657W	UXU6	18/07/2017 19:41	13							0.542	0.578	36.676	0.452	0.532	41.014	0.905	1.076	0.502	0.434	0.204	1.059	0.415	0.521	0.284	0.976	25.442	19.129	13.495	16.289	0.903	0.872	18	7	7/18_S657W
S66AD	UXU5	18/07/2017 12:15	13							0.52	0.559	35.792	0.436	0.511	40.101	0.867	1.064	0.484	0.409	0.22	1.06	0.355	0.497	0.285	0.968	24.056	18.859	13.387	16.398	0.913	0.867	18	7	7/18_S66AD
S66AD	UXU5	18/07/2017 12:19	14																	0.212	1.068			0.281	0.972		0					18	7	7/18_S66AD
S66AD	UXU5	18/07/2017 12:46	15							0.535	0.556	36.04		0.518	40.351			0.472	0.419	0.222	1.078	0.37	0.503	0.288	0.981		0	13.431	16.256	0.922	0.867	18	7	7/18_S66AD
S66AD	UXU5	18/07/2017 12:49	17																	0.214	1.056			0.287	0.98		0					18	7	7/18_S66AD
S66BV	UXU5	18/07/2017 14:23	13							0.508	0.545	35.794	0.459	0.534	40.188	0.899	1.079	0.465	0.415	0.218	1.041	0.357	0.504	0.281	0.955	23.218	18.572	13.354	16.312	0.92	0.893	18	7	7/18_S66BV
S66BV	UXU5	18/07/2017 14:48	14							0.517	0.55	35.127		0.522	39.318			0.48	0.418	0.217		0.382	0.503	0.293				13.3	16.071	0.922	0.889	18	7	7/18_S66BV
S66ZW	UXU5	18/07/2017 09:54	2							0.515	0.551	35.897		0.519	40.235			0.472	0.417	0.213		0.368	0.511	0.273				13.365	16.226	0.913	0.881	18	7	7/18_S66ZW
S66ZW	UXU5	18/07/2017 11:17	13							0.523	0.563	36.547	0.457	0.526	40.63	0.871	1.077	0.48	0.422	0.213	1.071	0.39	0.518	0.277	0.981	24.861	20.031	13.399	16.216	0.913	0.876	18	7	7/18_S66ZW
S64X3	UXU6	19/07/2017 09:07	2							0.519		35.56			40.213			0.484		0.218	1.085	0.394		0.281	0.979			13.324				19	7	7/19_S64X3
S64X3	UXU6	19/07/2017 09:33	5							0.515	0.556	35.569		0.537	40.017			0.488	0.424	0.216		0.384	0.516	0.279				13.389	16.103	0.89	0.864	19	7	7/19_S64X3
S64X3	UXU6	19/07/2017 10:56	13							0.515	0.561	36.161	0.464	0.542	40.591	0.901	1.067	0.486	0.422	0.219	1.075	0.393	0.527	0.283	0.975	24.59	18.982	13.34	16.196	0.898	0.871	19	7	7/19_S64X3
S64X3	UXU6	19/07/2017 11:21	20							0.516		35.713			40.103			0.485		0.218	1.085	0.395		0.284	0.98			13.415				19	7	7/19_S64X3
S64X3	UXU6	19/07/2017 11:44	21							0.514		35.61			40.009			0.495		0.214	1.079	0.375		0.285	0.981			13.348				19	7	7/19_S64X3
S6549	UXU6	19/07/2017 22:39	2							0.537	0.579	36.603		0.532	41.145			0.501	0.434	0.209		0.387	0.526	0.282				13.386	16.115	0.912	0.887	19	7	7/19_S6549
S6549	UXU6	19/07/2017 23:04	6							0.518		36.24			40.783			0.496		0.208	1.048	0.391		0.279	0.968			13.396				19	7	7/19_S6549
S6549	UXU6	19/07/2017 23:28	12							0.523		36.121			40.76			0.497		0.207	1.037	0.397		0.273	0.952			13.381				19	7	7/19_S6549
S673Y	UXU5	19/07/2017 06:17	3							0.499	0.542	35.712		0.533	40.164			0.508	0.426	0.212		0.387	0.51	0.272				13.487	16.428	0.883	0.879	19	7	7/19_S673Y
S673Y	UXU5	19/07/2017 07:41	13							0.497	0.54	35.759	0.47	0.546	40.054	0.884	1.087	0.486	0.418	0.212	1.084	0.387	0.523	0.278	0.983	25.534	20.093	13.424	16.32	0.878	0.879	19	7	7/19_S673Y
S617R	UXU3	20/07/2017 10:30	3							0.517		36.139			40.628			0.507		0.204	1.043	0.419		0.284	0.964			13.364	16.182			20	7	7/20_S617R
S617R	UXU3	20/07/2017 10:35	4							0.527		36.131			40.475			0.518		0.2	1.055	0.428		0.283	0.971			13.342	16.102			20	7	7/20_S617R
S617R	UXU3	20/07/2017 10:41	9							0.533		36.689			41.304			0.501		0.203	1.058	0.439		0.285	0.977			13.338	16.139			20	7	7/20_S617R
S617R	UXU3	20/07/2017 10:46	10							0.524		35.908			40.565			0.498		0.205	1.066	0.435		0.288	0.987			13.295	16.146			20	7	7/20_S617R
S617R	UXU3	20/07/2017 10:51	11							0.533		36.375			40.801			0.497		0.205	1.07	0.438		0.288	0.985			13.303	16.187			20	7	7/20_S617R
S617R	UXU3	20/07/2017 10:57	12							0.528		36.122			40.517			0.491		0.21	1.076	0.407		0.284	0.979			13.281	16.116			20	7	7/20_S617R
S617R	UXU3	20/07/2017 12:20	13							0.523	0.548	36.364	0.481	0.55	40.82	0.885	1.049	0.487	0.414	0.206	1.05	0.413	0.527	0.275	0.96	24.373	18.96	13.329	16.203	0.915	0.891	20	7	7/20_S617R
S617R	UXU3	20/07/2017 12:45	15							0.522	0.546	35.926		0.551	40.683			0.489	0.419	0.208		0.416	0.524	0.279				13.314	16.104	0.914	0.884	20	7	7/20_S617R
S617R	UXU3	20/07/2017 12:51	18							0.538		36.493			40.749			0.502		0.202	1.046	0.42		0.277	0.956			13.371	16.167			20	7	7/20_S617R
S617R	UXU3	20/07/2017 12:56	19							0.533		36.292			40.696			0.498		0.206	1.075	0.423		0.293	0.994			13.336	16.11			20	7	7/20_S617R
S617R	UXU3	20/07/2017 13:01	20							0.523		36.081			40.433			0.497		0.205	1.057	0.415		0.284	0.97			13.262	16.125			20	7	7/20_S617R
S617R	UXU3	20/07/2017 13:08	21							0.518		36.369			40.539			0.485		0.208	1.059	0.417		0.288	0.978			13.325	16.115			20	7	7/20_S617R
S620W	UXU3	20/07/2017 22:30	1							0.51		36.059			40.504			0.486		0.207	1.058	0.387		0.285	0.963			13.308				20	7	7/20_S620W
S620W	UXU3	20/07/2017 23:53	13							0.517	0.553	36.363	0.468	0.539	40.598	0.881	1.069	0.477	0.424	0.205	1.036	0.39	0.531	0.285	0.953	24.132	17.907	13.289	16.188	0.902	0.882	20	7	7/20_S620W
S651A	UXU6	20/07/2017 04:24	2							0.511		35.505			40.037			0.479		0.214	1.053	0.362		0.295	0.974			13.421				20	7	7/20_S651A
S651A	UXU6	20/07/2017 04:50	3							0.51	0.553	35.817		0.535	40.214			0.489	0.426	0.211		0.375	0.514	0.283				13.446	16.418	0.9	0.88	20	7	7/20_S651A
S651A	UXU6	20/07/2017 06:13	13							0.513	0.555	36.007	0.468	0.547	40.458	0.879	1.085	0.479	0.418	0.212	1.044	0.383	0.519	0.287	0.965	23.896	18.298	13.375	16.219	0.897	0.883	20	7	7/20_S651A
S651A	UXU6	20/07/2017 06:37	18							0.515		35.717			40.062			0.492		0.211	1.054	0.377		0.294	0.975			13.445				20	7	7/20_S651A
S651A	UXU6	20/07/2017 07:01	19							0.514		36.213			40.551			0.482		0.213	1.058	0.375		0.288	0.968			13.409				20	7	7/20_S651A
S6549	UXU6	20/07/2017 00:52	13							0.528	0.562	35.971	0.455	0.529	40.06	0.869	1.092	0.49	0.43	0.209	1.043	0.412	0.526	0.279	0.959	24.253	18.937	13.414	16.253	0.898	0.884	20	7	7/20_S6549
S620W	UXU3	21/07/2017 00:18	14							0.514	0.546	35.767		0.535	40.098			0.492	0.421	0.206		0.383	0.527	0.289				13.28	16.08	0.899	0.885	21	7	7/21_S620W
S620W	UXU3	21/07/2017 00:42	15							0.509		36.299			40.833			0.495		0.204	1.05	0.385		0.284	0.96			13.317				21	7	7/21_S620W
S620W	UXU3	21/07/2017 01:06	25							0.512		35.694			40.26			0.501		0.201	1.041	0.387		0.281	0.961			13.379				21	7	7/21_S620W
S673Z	UXU5	21/07/2017 19:51	8							0.535	0.566	36.167	0.459	0.533	40.586	0.892	1.063	0.487	0.43	0.213	1.061	0.398	0.528	0.291	0.987	24.638	18.655	13.309	16.15	0.909	0.888	21	7	7/21_S673Z
S673Z	UXU5	21/07/2017 21:48	13							0.56		36.661	0.436	0.511	40.699	0.877	1.076	0.509	0.437	0.208	1.045	0.398	0.514	0.276	0.95	24.844	18.92	13.485	16.406	0.913	0.891	21	7	7/21_S673Z
S673Z	UXU5	21/07/2017 22:14	21							0.528	0.557	35.964		0.521	40.151			0.492	0.419	0.211		0.401	0.513	0.292				13.321	16.187	0.906	0.884	21	7	7/21_S673Z
S67T3	UXU5	21/07/2017 17:54	2							0.519	0.55	35.98	0.455	0.53	40.055	0.898	1.043	0.5	0.423	0.21	1.043	0.408	0.521	0.274	0.958	24.436	19.48	13.48	16.4	0.915	0.871	21	7	7/21_S67T3
S67T3	UXU5	21/07/2017 19:16	13							0.517	0.555	35.828	0.46	0.536	40.21	0.908	1.039	0.491	0.412	0.214	1.053	0.398	0.523	0.28	0.971	24.557	19.465	13.436	16.223	0.911	0.867	21	7	7/21_S67T3
S67T3	UXU5	21/07/2017 20:39	19							0.521	0.553	35.57	0.454	0.532	39.947	0.889	1.03	0.504	0.419	0.213	1.061	0.391	0.519	0.284	0.97	25.031	19.057	13.384	16.208	0.91	0.867	21	7	7/21_S67T3
S67T3	UXU5	21/07/2017 22:01	23							0.518	0.55	35.489	0.453	0.526	39.624	0.892	1.033	0.493	0.418	0.21	1.058	0.407	0.517	0.283	0.974	24.899	19.191	13.364	16.181	0.907	0.869	21	7	7/21_S67T3
S67WV	UXU5	21/07/2017 22:30	13							0.521	0.557	35.556	0.446	0.524	39.892	0.888	1.059	0.503	0.434	0.21	1.054	0.392	0.52	0.287	0.975	24.646	18.948	13.456	16.278	0.93	0.885	21	7	7/21_S67WV
S67WV	UXU5	21/07/2017 22:57	20							0.525	0.561	35.79		0.529	40.093			0.505	0.437	0.214		0.392	0.52	0.282				13.431	16.449	0.929	0.888	21	7	7/21_S67WV
S6435	UXU6	22/07/2017 17:07	2							0.528	0.57	36.199		0.53	40.423			0.499	0.427	0.21		0.385	0.519	0.283				13.344	16.118	0.898	0.876	22	7	7/22_S6435
S6435	UXU6	22/07/2017 17:31	10							0.516		35.682			40.141			0.494		0.209	1.028	0.364		0.276	0.946			13.355				22	7	7/22_S6435
S6435	UXU6	22/07/2017 18:55	13							0.518	0.563	35.909	0.456	0.534	40.48	0.881	1.074	0.489	0.419	0.211	1.055	0.364	0.515	0.287	0.977	24.374	19.018	13.279	16.097	0.888	0.876	22	7	7/22_S6435
S6435	UXU6	22/07/2017 19:19	16							0.508		35.308			39.535			0.489		0.212	1.059	0.375		0.281	0.975			13.299				22	7	7/22_S6435
S6435	UXU6	22/07/2017 19:42	18							0.503		35.512			39.908			0.485		0.214	1.068	0.363		0.28	0.967			13.353				22	7	7/22_S6435
S64BF	UXU6	22/07/2017 17:38	2							0.519		36.15			40.54			0.484		0.212	1.048	0.378		0.278	0.951			13.469				22	7	7/22_S64BF
S64BF	UXU6	22/07/2017 19:02	13							0.511	0.557		0.459	0.53		0.893	1.05	0.49	0.413			0.376	0.53							0.913	0.872	22	7	7/22_S64BF
S64BF	UXU6	22/07/2017 19:27	16							0.524	0.568	36.469		0.53	41.11			0.49	0.421	0.21		0.399	0.52	0.283				13.488		0.916	0.874	22	7	7/22_S64BF
S64BF	UXU6	22/07/2017 19:52	21							0.527		36.638			41.167			0.507		0.208	1.053	0.387		0.276	0.961			13.511				22	7	7/22_S64BF
S64BF	UXU6	22/07/2017 20:16	23							0.526		36.521			41.187			0.511		0.206	1.045	0.379		0.276	0.95			13.545				22	7	7/22_S64BF
S6548	UXU6	22/07/2017 21:53	2							0.542	0.57	36.313	0.46	0.539	40.367	0.877	1.105	0.509	0.433	0.205	1.052	0.4	0.521	0.284	0.968	24.893	19.03	13.387	16.277	0.899	0.893	22	7	7/22_S6548
S6548	UXU6	22/07/2017 20:18	9							0.535	0.566	36.236		0.535	40.455			0.499	0.426	0.211		0.373	0.517	0.284				13.406	16.295	0.895	0.891	22	7	7/22_S6548
S6548	UXU6	22/07/2017 21:42	13							0.525	0.56	36.019	0.465	0.544	40.338	0.872	1.108	0.512	0.429	0.203	1.04	0.401	0.521	0.279	0.963	24.69	18.87	13.409	16.307	0.898	0.9	22	7	7/22_S6548
S66X6	UXU5	22/07/2017 02:47	13							0.511	0.551	36.043	0.453	0.526	40.227	0.879	1.085	0.48	0.406	0.214	1.064	0.384	0.497	0.282	0.977	24.899	19.346	13.424	16.285	0.934	0.902	22	7	7/22_S66X6
S66X6	UXU5	22/07/2017 03:12	15							0.51	0.543	35.487		0.524	39.972			0.483	0.402	0.216		0.4	0.491	0.284				13.371	16.257	0.931	0.899	22	7	7/22_S66X6
S6785	UXU5	22/07/2017 05:13	10							0.524	0.563	36.075		0.526	40.095			0.505	0.426	0.209		0.399	0.518	0.281				13.339	16.283	0.894	0.885	22	7	7/22_S6785
S6785	UXU5	22/07/2017 06:37	13							0.525	0.554	35.74	0.447	0.521	40.101	0.893	1.059	0.498	0.414	0.208	1.058	0.397	0.508	0.281	0.968	24.569	19.126	13.344	16.275	0.889	0.887	22	7	7/22_S6785
S6786	UXU5	22/07/2017 05:51	10							0.501	0.534	35.479		0.53	39.875			0.472	0.399	0.216		0.394	0.497	0.274				13.309	16.302	0.903	0.873	22	7	7/22_S6786
S6786	UXU5	22/07/2017 07:14	13							0.508	0.542	35.368	0.451	0.518	39.732	0.878	1.078	0.481	0.408	0.212	1.086	0.407	0.504	0.284	0.99	25.612	19.744	13.431	16.235	0.905	0.871	22	7	7/22_S6786
S67HW	UXU5	22/07/2017 01:48	13							0.515	0.546	35.794	0.454	0.525	40.041	0.89	1.035	0.501	0.414	0.213	1.071	0.393	0.509	0.272	0.974	25.138	20.174	13.46	16.317	0.905	0.875	22	7	7/22_S67HW
S67HW	UXU5	22/07/2017 01:52	15							0.512	0.544	35.906	0.466	0.534	40.01	0.862	1.065	0.484	0.411	0.22	1.11	0.408	0.52	0.279	1.008	25.876	20.871	13.428	16.237	0.905	0.882	22	7	7/22_S67HW
S67HW	UXU5	22/07/2017 02:13	23							0.523	0.558	36.013		0.534	40.171			0.494	0.419	0.217		0.419	0.525	0.281				13.453	16.268	0.914	0.881	22	7	7/22_S67HW
S65XH	UXU5	23/07/2017 12:51	13							0.526	0.554	35.712	0.461	0.534	39.917	0.903	1.069	0.493	0.428	0.209	1.054	0.403	0.515	0.276	0.963	24.733	19.468	13.447	16.341	0.924	0.887	23	7	7/23_S65XH
S65XH	UXU5	23/07/2017 13:17	15							0.51	0.547	35.788		0.523	39.801			0.488	0.421	0.211		0.395	0.501	0.279				13.402	16.304	0.924	0.883	23	7	7/23_S65XH
S6636	UXU6	23/07/2017 12:21	13							0.52	0.556	35.81	0.469	0.543	40.191	0.886	1.068	0.499	0.414	0.216	1.073	0.406	0.525	0.283	0.984	24.627	19.431	13.436	16.246	0.906	0.867	23	7	7/23_S6636
S6636	UXU6	23/07/2017 12:46	14							0.505	0.548	35.24		0.546	39.364			0.492	0.417	0.214		0.424	0.529	0.286				13.416	16.257	0.9	0.87	23	7	7/23_S6636
S66BY	UXU6	23/07/2017 06:02	13							0.522	0.554	35.977	0.465	0.54	40.504	0.867	1.096	0.472	0.42	0.211	1.055	0.399	0.527	0.277	0.96	24.561	19.126	13.352	16.175	0.918	0.905	23	7	7/23_S66BY
S66BY	UXU6	23/07/2017 06:27	15							0.503	0.542	36.04		0.539	40.582			0.462	0.407	0.214		0.389	0.521	0.276				13.333	16.318	0.91	0.902	23	7	7/23_S66BY
S67WW	UXU5	23/07/2017 13:18	13							0.514	0.545	35.575	0.448	0.521	40.039	0.912	1.081	0.495	0.42	0.214	1.058	0.359	0.493	0.286	0.973	24.605	19.01	13.441	16.248	0.921	0.893	23	7	7/23_S67WW
S67WW	UXU5	23/07/2017 13:43	24							0.518	0.545	35.892		0.53	40.354			0.51	0.424	0.206		0.363	0.5	0.279				13.43	16.347	0.928	0.895	23	7	7/23_S67WW
S683U	UXU5	23/07/2017 13:16	13							0.52	0.555	36.436	0.461	0.538	40.669	0.889	1.054	0.488	0.421	0.216	1.083	0.379	0.523	0.293	0.986	25.104	19.019	13.423	16.266	0.92	0.867	23	7	7/23_S683U
S683U	UXU5	23/07/2017 13:42	18							0.519	0.557	36.253		0.528	40.363			0.487	0.425	0.21		0.394	0.522	0.285				13.399	16.302	0.925	0.872	23	7	7/23_S683U
S687W	UXU5	23/07/2017 15:13	13							0.511	0.548	36.171	0.461	0.526	40.255	0.883	1.069	0.477	0.401	0.21	1.093	0.417	0.502	0.276	0.987	25.895	20.435	13.406	16.313	0.923	0.88	23	7	7/23_S687W
S687W	UXU5	23/07/2017 15:38	14							0.513	0.55	35.977		0.524	40.379			0.479	0.406	0.212		0.406	0.499	0.278				13.399	16.262	0.918	0.877	23	7	7/23_S687W
S5XUR	UXU3	24/07/2017 04:28	1							0.525		36.572			41.03			0.503		0.204	1.027	0.383		0.276	0.953			13.378				24	7	7/24_S5XUR
S5XUR	UXU3	24/07/2017 04:52	2							0.494		35.719			40.051			0.487		0.208	1.036	0.362		0.281	0.954			13.388				24	7	7/24_S5XUR
S5XUR	UXU3	24/07/2017 05:17	3							0.488		35.778			40.138			0.454		0.221	1.055	0.311		0.29	0.964			13.325				24	7	7/24_S5XUR
S5XUR	UXU3	24/07/2017 05:41	4							0.512		35.747			40.082			0.502		0.211	1.036	0.367		0.282	0.955			13.349				24	7	7/24_S5XUR
S5XUR	UXU3	24/07/2017 06:06	5							0.511		35.851			40.323			0.517		0.206	1.031	0.356		0.28	0.947			13.414				24	7	7/24_S5XUR
S5XUR	UXU3	24/07/2017 06:29	6							0.489		35.64			39.983			0.468		0.217	1.056	0.32		0.288	0.966			13.303				24	7	7/24_S5XUR
S5XUR	UXU3	24/07/2017 06:53	7							0.517		35.899			40.328			0.501		0.211	1.041	0.37		0.284	0.955			13.341				24	7	7/24_S5XUR
S5XUR	UXU3	24/07/2017 07:18	8							0.502		35.799			40.11			0.493		0.208	1.028	0.366		0.283	0.953			13.341				24	7	7/24_S5XUR
S5XUR	UXU3	24/07/2017 07:43	9							0.485		35.929			40.31			0.462		0.22	1.058	0.319		0.289	0.966			13.335				24	7	7/24_S5XUR
S5XUR	UXU3	24/07/2017 08:07	10							0.516		35.845			40.237			0.512		0.201	1.026	0.375		0.276	0.946			13.382				24	7	7/24_S5XUR
S5XUR	UXU3	24/07/2017 08:32	11							0.515		36.409			40.811			0.479		0.213	1.04	0.348		0.285	0.951			13.327				24	7	7/24_S5XUR
S5XUR	UXU3	24/07/2017 08:55	12							0.477		35.669			40.162			0.482		0.212	1.046	0.314		0.291	0.964			13.338				24	7	7/24_S5XUR
S5XUR	UXU3	24/07/2017 10:19	13							0.518	0.548	36.261	0.484	0.555	40.626	0.896	1.093	0.505	0.415	0.201	1.032	0.399	0.527	0.276	0.956	24.325	18.938	13.349	16.227	0.909	0.895	24	7	7/24_S5XUR
S5XUR	UXU3	24/07/2017 10:44	14							0.49		35.728			40.113			0.471		0.211	1.028	0.36		0.283	0.946			13.336				24	7	7/24_S5XUR
S5XUR	UXU3	24/07/2017 11:07	15							0.494		35.549			39.885			0.471		0.213	1.037	0.33		0.286	0.956			13.355				24	7	7/24_S5XUR
S5XUR	UXU3	24/07/2017 11:32	16							0.512		36.133			40.467			0.502		0.205	1.052	0.391		0.28	0.963			13.373				24	7	7/24_S5XUR
S5XUR	UXU3	24/07/2017 11:56	17							0.505		35.985			40.364			0.491		0.207	1.036	0.346		0.283	0.953			13.424				24	7	7/24_S5XUR
S5XUR	UXU3	24/07/2017 12:21	18							0.484		35.722			40.097			0.481		0.214	1.047	0.316		0.289	0.96			13.39				24	7	7/24_S5XUR
S5XUR	UXU3	24/07/2017 13:09	19							0.5175	0.544	35.831		0.55	40.3305			0.504	0.418	0.204	1.048	0.381	0.522	0.278	0.96			13.362	16.298	0.912	0.891	24	7	7/24_S5XUR
S5XUR	UXU3	24/07/2017 13:33	20							0.52		35.932			40.3			0.493		0.21	1.046	0.396		0.284	0.958			13.375				24	7	7/24_S5XUR
S5XUR	UXU3	24/07/2017 13:57	21							0.522		35.826			40.269			0.51		0.208	1.04	0.388		0.278	0.953			13.362				24	7	7/24_S5XUR
S5XUR	UXU3	24/07/2017 14:21	22							0.508		35.821			40.232			0.485		0.209	1.03	0.367		0.286	0.949			13.344				24	7	7/24_S5XUR
S5XUR	UXU3	24/07/2017 14:46	23							0.524		35.946			40.314			0.51		0.202	1.026	0.383		0.277	0.946			13.381				24	7	7/24_S5XUR
S5XUR	UXU3	24/07/2017 15:10	24							0.509		36.14			40.384			0.511		0.201	1.02	0.372		0.276	0.949			13.432				24	7	7/24_S5XUR
S5XUR	UXU3	24/07/2017 15:35	25							0.513		35.636			40.012			0.494		0.205	1.028	0.381		0.278	0.952			13.396				24	7	7/24_S5XUR
S61KD	UXU3	24/07/2017 08:52	2							0.51		36.239			40.385			0.476		0.213	1.065	0.365		0.301	0.98			13.262				24	7	7/24_S61KD
S61KD	UXU3	24/07/2017 10:16	3							0.518	0.555	35.929	0.474	0.551	40.276	0.887	1.091	0.487	0.423	0.204	1.042	0.384	0.53	0.297	0.972	24.322	17.819	13.239	16.136	0.903	0.894	24	7	7/24_S61KD
S61KD	UXU3	24/07/2017 11:38	8							0.516	0.554	36.338	0.475	0.552	40.962	0.881	1.077	0.478	0.418	0.214	1.077	0.382	0.532	0.298	0.98	24.889	17.864	13.302	16.205	0.904	0.893	24	7	7/24_S61KD
S61KD	UXU3	24/07/2017 13:01	13							0.511	0.553	36.358	0.475	0.553	40.598	0.883	1.075	0.476	0.416	0.215	1.077	0.371	0.532	0.301	0.986	24.625	17.882	13.284	16.204	0.902	0.897	24	7	7/24_S61KD
S61KD	UXU3	24/07/2017 14:23	16							0.519	0.555	36.398	0.478	0.558	40.877	0.873	1.087	0.482	0.424	0.21	1.042	0.368	0.54	0.298	0.97	23.809	17.399	13.308	16.189	0.906	0.901	24	7	7/24_S61KD
S61KD	UXU3	24/07/2017 15:45	19							0.512	0.551	36.252	0.482	0.555	40.487	0.887	1.085	0.48	0.421	0.214	1.05	0.363	0.539	0.299	0.97	24.303	17.732	13.284	16.171	0.908	0.893	24	7	7/24_S61KD
S61KD	UXU3	24/07/2017 16:10	21							0.511		36.004			40.143			0.48		0.208	1.05	0.39		0.3	0.972			13.261				24	7	7/24_S61KD
S61KD	UXU3	24/07/2017 16:35	23							0.511		36.271			40.482			0.481		0.213	1.081	0.392		0.298	0.99			13.281				24	7	7/24_S61KD
S61KD	UXU3	24/07/2017 17:01	24							0.505	0.551	35.992		0.547	40.169			0.478	0.424	0.211		0.377	0.534	0.305				13.319	16.163	0.91	0.902	24	7	7/24_S61KD
S64X6	UXU6	24/07/2017 08:08	1							0.521		35.662			40.128			0.504		0.216	1.072	0.405		0.278	0.964			13.422				24	7	7/24_S64X6
S64X6	UXU6	24/07/2017 08:33	2							0.524	0.559	35.775		0.533	40.015			0.514	0.422	0.208		0.394	0.512	0.273				13.435	16.316	0.903	0.879	24	7	7/24_S64X6
S64X6	UXU6	24/07/2017 08:58	10							0.527		35.748			40.142			0.52		0.206	1.024	0.397		0.273	0.939			13.39				24	7	7/24_S64X6
S64X6	UXU6	24/07/2017 10:21	13							0.515	0.551	35.459	0.463	0.536	39.995	0.87	1.077	0.494	0.412	0.218	1.077	0.395	0.517	0.282	0.986	24.679	19.585	13.327	16.066	0.909	0.876	24	7	7/24_S64X6
S64X6	UXU6	24/07/2017 10:44	21							0.524		35.827			40.164			0.517		0.211	1.06	0.394		0.278	0.973			13.423				24	7	7/24_S64X6
S6667	UXU6	24/07/2017 13:27	6							0.52	0.548	35.576	0.454	0.529	39.883																	24	7	7/24_S6667
S6667	UXU6	24/07/2017 13:33	11							0.517	0.55	35.51	0.459	0.534	39.809																	24	7	7/24_S6667
S6667	UXU6	24/07/2017 13:40	12							0.521	0.554	35.732	0.462	0.542	40.334																	24	7	7/24_S6667
S6667	UXU6	24/07/2017 15:02	13							0.522	0.554	35.614	0.457	0.536	40.056	0.871	1.099	0.489	0.418	0.211	1.067	0.37	0.511	0.282	0.979	24.913	19.457	13.379	16.404	0.887	0.882	24	7	7/24_S6667
S6667	UXU6	24/07/2017 15:09	17							0.519	0.552	35.527	0.457	0.533	39.892																	24	7	7/24_S6667
S6667	UXU6	24/07/2017 15:35	18							0.519	0.55	35.461		0.534	39.983			0.478	0.417	0.219		0.363	0.513	0.287				13.405	16.41	0.877	0.886	24	7	7/24_S6667
S66AH	UXU6	24/07/2017 07:53	6							0.515	0.554	35.364	0.45	0.525	39.604																	24	7	7/24_S66AH
S66AH	UXU6	24/07/2017 07:59	11							0.516	0.552	35.346	0.448	0.522	39.58																	24	7	7/24_S66AH
S66AH	UXU6	24/07/2017 08:05	12							0.524	0.56	35.371	0.454	0.53	39.929																	24	7	7/24_S66AH
S66AH	UXU6	24/07/2017 09:27	13							0.525	0.565	35.973	0.452	0.533	40.099	0.89	1.084	0.508	0.428	0.213	1.061	0.39	0.52	0.281	0.967	24.891	19.207	13.459	16.454	0.914	0.876	24	7	7/24_S66AH
S66AH	UXU6	24/07/2017 09:51	14							0.526	0.563	35.709		0.537	40.257			0.492	0.418	0.212		0.388	0.526	0.282				13.44	16.374	0.906	0.881	24	7	7/24_S66AH
S66AH	UXU6	24/07/2017 09:59	17							0.516	0.55	35.379	0.449	0.523	39.604																	24	7	7/24_S66AH
S6766	UXU5	24/07/2017 12:00	1							0.519		35.688			39.777			0.501		0.211	1.068							13.434				24	7	7/24_S6766
S6766	UXU5	24/07/2017 12:24	2							0.531		35.652			40.053			0.506		0.209	1.052							13.356				24	7	7/24_S6766
S6766	UXU5	24/07/2017 12:50	8							0.525	0.549	35.797		0.536	39.904			0.492	0.415	0.213		0.382	0.509	0.281				13.356	16.254	0.909	0.87	24	7	7/24_S6766
S6766	UXU5	24/07/2017 14:13	13							0.513	0.554	35.477	0.456	0.533	39.523	0.886	1.05	0.491	0.414	0.211	1.068	0.394	0.518	0.29	0.991	25.344	19.511	13.361	16.195	0.919	0.873	24	7	7/24_S6766
S6766	UXU5	24/07/2017 14:36	20							0.528		36.008			40.138			0.495		0.212	1.058							13.417				24	7	7/24_S6766
S67YZ	UXU5	24/07/2017 04:26	6							0.528	0.557	35.729	0.445	0.522	40.067	0.906	1.06	0.501	0.432	0.209	1.057	0.385	0.504	0.286	0.983	24.705	19.256	13.438	16.317	0.934	0.881	24	7	7/24_S67YZ
S659W	UXU6	25/07/2017 03:32	6							0.513	0.549	35.235	0.448	0.518	39.481																	25	7	7/25_S659W
S659W	UXU6	25/07/2017 03:38	11							0.503	0.538	35.288	0.458	0.528	39.66																	25	7	7/25_S659W
S659W	UXU6	25/07/2017 03:44	12							0.512	0.549	35.388	0.452	0.524	39.824																	25	7	7/25_S659W
S6789	UXU5	25/07/2017 04:20	5							0.528	0.554	35.994	0.439	0.514	40.599	0.917	1.082	0.48	0.416	0.225	1.132	0.387	0.494	0.295	1.013	25.918	19.464	13.328	16.121	0.925	0.887	25	7	7/25_S6789
